⭐⭐⭐	1920	174	0	#T#CPTPP#T#	#T#Indo-Pacific Framework#T#	CPTPP：台灣中國爭相入群讓成員國面臨難題	#T#CPTPP#T#,CPTPP：台湾中国争相入群让成员国面临难题（9月22日）宣布正式申请加入《全面与进步跨太平洋伙伴关系协定》（CPTPP），这距离中国宣布申请加入该协定不到一周。虽然台湾多年前便表达了对这个经济组织的兴趣，并已与该协定的现有成员国进行了非正式协商，但两岸前后申请加入，可能导致局势的进一步复杂化。北京将台湾视为其领土的一部分，多次强烈反对其独立加入国际组织。台湾行政院发言人罗秉成周三 （9月22日）表示，台湾当局已正式向CPTPP保存方新西兰递出加入申请，同时知会所有CPTPP成员国寻求支持。行政院长苏贞昌要	#T#TW Diplomacy#T#,求相关部门开展法规与制度的协调凖备工作，做好谈判前置作业。ADVERTISEMENT中国外交部周四（9月23日）表示，中国「坚决反对任何国家与台湾进行官方往来，坚决反对台湾地区加入任何官方性质的协议和组织」。加入CPTPP以提振经济一直是台湾总统蔡英文的目标。民进党当局一直将台湾视为事实上的主权国家，并对中国大陆持更强硬的态度。北京近年在政治和经济上对台湾施加了更多压力。此前，台湾未能加入由中国主导的区域全面经济伙伴关系协定（RCEP），该协定成员国涵盖东盟十国，以及韩国、中国、日本、澳大利亚和新西兰，被称	#T#CPTPP#T#,为目前世界上最大的自由贸易区。中国申请加入CPTPP 北京为何要「偏向虎山行」英国申请加入CPTPP 没有美国的自贸区有什么吸引力特朗普着手退出TPP 贸易战一触即发？Representatives from CPTPP countries signed the rebranded Pacific trade pact in March 2018图像来源，GETTY IMAGES图像加注文本，CPTPP的前身是《跨太平洋伙伴关系协定》（TPP），奥巴马时代曾力推围绕美国构建的TPP，其中有部分为美国量身定制	#T#CN-EURO BIT#T#,的条款。整个协定也被视为对抗中国经济崛起的产物。CPTPP的前身是《跨太平洋伙伴关系协定》（TPP），原是美国前总统奥巴马（Barack Obama）在任内为制衡中国影响力而力推的协定，对贸易自由化有着很高的门槛。但继任者特朗普（Donald Trump）总统在2017年宣布退出该协定。在美国宣布退出TPP后，日本领导了改组CPTPP的谈判。2018年，澳大利亚、加拿大、智利、日本、墨西哥和新西兰等11个国家在智利圣地亚哥签署了该协定。中国国家主席习近平去年11月首度表态，中国将积极考虑加入CPTPP。中国	#T#CPTPP#T#,商务部在9月16日宣布，该国已向新西兰提交了申请加入CPTPP的书面信函。CPTPP在劳工标凖、环境保护和争端解决方面有众多条条框框。台湾经济相比中国大陆更加市场化，这也许会减少台湾与CPTPP框架磨合的难度，但由于加入CPTPP必须得到现有全部的11个成员国同意，中国和台湾的申请可能会遭到任何一个成员国的拖延和阻止。在中国大陆上周宣布申请加入CPTPP后，台湾经济部长王美花曾表达「担忧」。她表示希望这不会影响台湾申请入会。据台湾媒体报道，台湾行政院经贸谈判总谈判代表、政务委员邓振中表示，经衡量各种情况后，	#T#Indo-Pacific Framework#T#,台湾当局以「台澎金马个别关税领域」的名称提出申请，因为该名称争议最小。「台澎金马个别关税领域」（TPKM）是目前台湾在世界贸易组织（WTO）的会籍名称，台湾与其他国家签订经贸协定也多以此名义。台湾加入亚太经合组织（APEC）与经济合作发展组织（OECD）则使用「中华台北」作为名称。各方反应在台湾递交加入CPTPP的申请后，中国官方媒体「环球网」随即以「捣乱」为题发表文章。报道引述中国国台办发言人朱凤莲的话称，台湾参与区域经济合作，「必须以一个中国原则为前提，坚决反对我建交国与台湾地区商签具有主权意涵和官方性	#T#Indo-Pacific Framework#T#,质的协议」。中国外交部周四（9月23日）也表示，中国「坚决反对任何国家与台湾进行官方往来，坚决反对台湾地区加入任何官方性质的协议和组织」。据共同社报道，对台湾申请加入CPTPP一事，正在纽约访问的日本外相茂木敏充表示「欢迎」。日本是CPTPP的轮值主席国。茂木敏充表示，台湾是日本极其重要的伙伴，双方拥有共同的基本价值观，东京将「基于战略观点和公众的理解」处理此事。Logistics and transportation of Container Cargo ship and Cargo plane with	#T#CPTPP#T#, working crane bridge in shipyard at sunrise图像来源，GETTY IMAGES这与日本此前对中国申请加入CPTPP的谨慎态度形成对比。此前，日本经济再生担当大臣西村康稔表示，中国是否能加入要视其是否有决心能遵守高标凖规定。财务相麻生太郎表示，「只是单纯觉得，如今的中国是能新加入的状态吗？」尽管美国已退出相关协定，但总部在华盛顿的美台商业协会（U.S.-Taiwan Business Council）对台湾的决定表示欢迎。该协会称，台湾在科技、投资与供应链具优势，将	#T#CPTPP#T#,会是重要价值伙伴。它呼吁CPTPP会员国在不受中国恫吓下考虑台湾申请案，美国政府也应给予支持。除中国大陆和台湾外，今年6月，英国正式启动了加入CPTPP的谈判，而泰国也表示有兴趣加入该协定。外交角力随着北京和台北分别寻求影响CPTPP现有成员国，观察人士认为，两份申请可能会引发外交角力。目前，台湾已经与CPTPP现有成员国新西兰和新加坡签署了双边自由贸易协定。在北京递交申请后，新加坡最先表示欢迎，随后马来西亚也表示乐见中国加入。另一方面，墨西哥则持慎重态度。《日经新闻》（Nikkei）分析称，如果中国大陆加	#T#Indo-Pacific Framework#T#,入，吸引此前退出TPP的美国重返将变得困难，而墨西哥的最大贸易伙伴是美国，因此墨西哥难以表示支持。美国反对跨太平洋贸易伙伴关系(TPP)的民众抗议图像来源，GETTY IMAGES图像加注文本，美国反对TPP的民众抗议。澳大利亚也对中国加入CPTPP表达了保留意见。中澳关系由于澳大利亚对中国的渗透指控以及呼吁独立调查新冠疫情源头而降至冰点。中国对澳大利亚采取了进口限制措施。澳大利亚贸易部长丹·特汉（Dan Tehan）表示，在中国停止针对澳大利亚出口品的贸易打击并恢复与莫里森（Scott Morrison）	#T#TW Diplomacy#T#,政府的高层接触前，不会支持启动谈判。与此同时，台湾加入CPTPP也可能因日本食品禁令问题遭遇阻力。自2011年日本福岛发生核灾以来，台湾禁止从福岛及周边四地进口食品。台湾公众此前在公投中高票反对重启进口，引发日本不满。台海两岸关系则处于持续紧张状态，中国上周刚宣布禁止进口台湾莲雾和释迦，理由是检验出有害生物。台湾行政院农委会主任委员陈吉仲称中国此举是出于政治目的。台湾当局表示可能上诉世界贸易组织（WTO）解决争端。									
⭐⭐⭐⭐	2780	163	0	#T#FTA#T#	#T#Indo-Pacific Framework#T#	「中」日韓 FTA 談判前景及對我影響	#T#FTA#T#,「中」日韩 FTA 谈判前景及对我影响 时 评7长期以来，面对风起云涌的区域经济结盟趋势，台湾是个难以加入的边缘者。通常将这种不利的情况，归诸于中国大陆在政治上的打压；为了打破此一僵局，以创建两岸经贸合作为切入点的政策，成为国民党赢回政权的重要政策。为了求同存异，尽快展现协商成果，两岸之间乃先签署架构性的原则协议（Economic Cooperation Framework Agreement, ECFA），同时推出一份先行减税的早收清单，使两岸经贸步入自由贸易区氛围之中，然后再逐步推动相关货品贸易、服务贸	#T#FTA#T#,易、投资、争端解决机制、海关合作与产业合作等面临的问题。两岸签署 ECFA 之后，一般而言，受到冲击最大的是南韩，因为台、韩之经济结构最为相近，产品在海外市场竞争激烈，大陆又是两者当前最重要的海外市场；台湾借着 ECFA 的加持，在大陆取得较佳的竞争地位，从战略角度看，南韩必然会加快与大陆签署 FTA 的步伐，以减少来自台湾的冲击。壹、南韩扮演 FTA 的积极推手其实南韩早在 2003 年即确立 FTA 战略蓝图，开始积极与世界各国进行 FTA的洽谈，一改过去担心国内产业遭受冲击的消极态度，积极转变为全面将	#T#FTA#T#,服务业、投资、知识产权及政府采购等议题纳入，积极地加快洽签 FTA 的速度。9 年之间，与全球 45 国完成 FTA 签署。由于整体 FTA 策略清晰，南韩充分掌握The Impact of the Trilateral FTA between Mainland China,Japan and South Korea on Taiwan傅丰诚（Fu, Feng-Cheng）育达商业科技大学大陆经贸研究中心主任「中」日韩 FTA 谈判前景及对我影响PROSPECT ＆ EXPLORATION 第 10 卷 	#T#FTA#T#,第 6 期 中华民国 101 年6月8与各国签署 FTA 的优劣势及先后顺序，因此遇到瓶颈能够坚持目标，不轻言退却，这可以从美韩 FTA 前后历经 6 年、历经过两轮签署方始成功可见。虽然美牛开放曾造成南韩民众抗争，却能在宣导及补贴弱势产业之后，再次获得民众支持；此外，南韩由外交通商部专责进行 FTA 谈判，遇到跨部会的 FTA 开放项目，则由总统主持的跨部会经济部长级会议决定，此种单一窗口推动谈判的方式，加上充足的谈判人才，使得南韩 FTA 签署效率非常显眼。今（2012）年 5 月 13 日在北京举行第	#T#CN-EURO BIT#T#, 5 次「中」、日、韩领导人会议中，3 方正式提出并同意今年正式启动「中」、日、韩自由贸易协定（FTA）谈判，并签署《「中」、日、韩投资协定》。回顾过去，「中」、日、韩 FTA 自 1999 年底倡议以来，历经 10 年，才于 2008 年底举行的第 1 次「中」、日、韩领导人会议中决定展开先行工作，此后又花了 4 年时间，才达成共识并具体提出启动谈判时程。这显示推动 FTA 过程中的艰难，此次「中」、日、韩 FTA 可以顺利推动，南韩的积极推动应是关键。贰、东北亚的政冷经热态势10 年前，东协 10 ＋ 	#T#CN MediaW#T#,3 的 FTA 喊的震天价响，但实质进展有限。在大陆与东协 10 国签署 FTA 之后，日本与南韩也形成各自的 10+1 局面。2011 年为例，大陆已是南韩及日本第 1 大出口地区，而日本和南韩则依序是大陆第 3 大及第 4 大出口地区，以及大陆第 2 大及第 3 大进口地区，「中」、日、韩 GDP 总额达 14 兆美元，外贸总额 6.4 兆美元，如果「中」、日、韩 FTA 能成功签署，可以预见其间的经贸往来会更加紧密，并将成为继北美、欧盟之后世界第三大自由贸易区。就政治角度而言，「中」、日、韩之间的历史	#T#Indo-Pacific Framework#T#,问题和政治上的互不信任，加以日、韩的政治外交仍受美国的驻军深刻影响，3 方仍存在许多非经济性的磨擦因素。相对经济上的交互不断升温，此种「政冷经热」的矛盾现象，到底会继续维持下去，或者变成「政冷经也冷」，或者是「经热政也热」？只要大陆持续维持强大的崛起之势，日韩向大陆倾斜是避免不了的。但目前「中」、日、韩之间作为经济伙伴的合作前途既扎实又飘忽不定。在世界经济重心明显向亚洲东移之际，3 方合作不缺「天时」、「地利」，但「人和」的基础尚属薄弱。推动「中」、日、韩 FTA 的主要力量，首先是南韩希望先与大陆缔结 F	#T#Indo-Pacific Framework#T#,TA，「中」日韩 FTA 谈判前景及对我影响 时 评9以便抢先于日本占领大陆市场。不过大陆基于对抗美国争取日本加入谈判缔结《跨太平洋战略经济伙伴协定》（TPP）的战略，愿意回应日本主张开始谈判缔结「中」、日、韩 FTA 的节奏。对日本来说，到底是优先考虑以美国为核心的TPP，还是优先考虑以中国大陆为核心的「中」、日、韩自由贸易协定？在以谋求经济复苏为目标的日本经济界，尽早缔结「中」、日、韩 FTA 成为绝大多数人的心声，毕竟「中」、日、韩 +ASEAN 的组合将会造就世界最大的巨型经贸市场。参、「中」、日、	#T#FTA#T#,韩 FTA 可能出现阶段性发展伴随经济实力的不断增强，大陆在自贸区谈判中逐渐占据优势。据悉，3 方于 2003 年启动有关自由贸易协定谈判的民间共同研究时，创建「中」、日、韩FTA 能够带动大陆 GDP 增长 1.1%-2.9%，推动日本 GDP 增长 0.1%-0.5%，推动南韩 GDP 增长 2.5%-3.1%，对推动 3 方经济增长、扩大对外贸易和提高国民福利水准具有积极意义。在以大陆为核心的 FTA 谈判中，到底是先签署「中」、韩自由贸易协定或「中」、日自由贸易协定，还是 3 方直接缔结「中」、日、	#T#Indo-Pacific Framework#T#,韩自由贸易协定，实则二阶段的签署方式较为可能。参考 1994 年 NAFTA（北美自由贸易协定）的签订过程，当年美国和加拿大的意向非常明确，而墨西哥则一直犹豫。但当美、加准备签署两国间的自由贸易协定时，墨西哥最终选择加入。因为如果墨西哥放弃加入，那么加拿大将独揽巨大的美国市场。虽然目前 3 方均积极推动 FTA 的签署，但以南韩和大陆先签署自由贸易协定的可能性较高。虽然日本也正努力劝说大陆加入自由贸易协定。日方谈判人员的说法是：大陆从日本零关税进口零件，有利于提高大陆产品竞争力。不过就南韩对「中」、日两方的	#T#FTA#T#,态度而言，显然其更重视大陆，自 2004 年 11 月以来，南韩与日本的自由贸易协定谈判一直处于中断状态。今年 4 月，南韩总统李明博发出指示，要求探讨与大陆缔结双边自由贸易协定的问题，显示出优先重视大陆的姿态。肆、对台湾的影响FTA 的好处不仅局限于关税减让后的贸易移转与贸易创造效应，还有后续PROSPECT ＆ EXPLORATION 第 10 卷 第 6 期 中华民国 101 年6月10的服务、资金、人员流动带来的诸多好处。FTA 还可创造良好环境，增强企业开展投资和经营活动的信心。因此，在已通过的《	#T#Indo-Pacific Framework#T#,2020 中、日、韩合作展望》中，「中」、日、韩 3 方承诺将努力在 2012 年前完成「中」、日、韩自贸区联合研究，努力完成 3 方投资协议谈判，并将加大贸易便利化力度以改善 3 方贸易环境，同时还将成立协调高效的运输和物流系统。3 方将鼓励金融机构相互进入对方市场来加强金融合作，并将进一步提升亚洲财金合作，包括增强清迈倡议多边化的有效性。3 方还重申反对任何形式的保护主义，消除技术壁垒，加强科技与创新合作。在 2011 年，台湾对大陆（含香港）、日本及南韩出口额占总出口之 51%，高居亚洲主要国家之首。	#T#FTA#T#,换言之，台湾可能有半数以上的产品会受到「中」、日、韩FTA 影响。特别是大陆均为台湾、日本及南韩首要的出口市场，再加上大陆工业产品平均关税将近 10%，FTA 降税所产生的贸易移转效果相当明显。如果「中」、日、韩 FTA 进展超越 ECFA，必然会大幅减损台湾在大陆市场的竞争力。「中」、日、韩 FTA 除了对台湾出口产生直接的冲击外，也会影响台湾对外资之吸引力。最近日商对南韩投资呈现增加的趋势，除了因日币升值及日本国内投资环境恶化外，南韩绵密的 FTA 网络对出口之加持作用，亦是重要的原因之一。日商已将一些	#T#Exhibition#T#,过去用出口方式供应南韩的产品外移到南韩生产，不仅供应南韩当地的内需市场，也可透过南韩之 FTA 网络外销到其他的海外市场。「中」、日、韩 FTA 会进一步增加日本在南韩的投资，进而降低台湾好不容易利用 ECFA争取到的来台投资的日商及其他外商。以 2011 年为例，外资来台金额在 GDP 中所占比率，较 2010 年不增反减0.4%，金额降至 19.9 亿美元，远远落在竞争力排名 22 的南韩之后，尤其是在南韩先后与欧盟及美国签订自由贸易协定后，其吸引外资及促进出口的竞争力大幅提升，更令台湾瞠乎其后。如果我	#T#FTA#T#,们在 ECFA 的进展落后于「中」、日、韩FTA，不但对大陆出口的竞争力减弱，外资（特别是日资）来台也将出现转向的危险。伍、台湾因应之道加快 ECFA 后续谈判是因应「中」、日、韩 FTA 的当务之急。两岸虽然先行「中」日韩 FTA 谈判前景及对我影响 时 评11完成 ECFA 的签署，然而 ECFA 只是一个架构协议，目前开放的货品早收清单项目，在八千多项货品中只占极小部分，而台湾与大陆服务贸易早收清单只分别开放 9 项及 17 项，无法与「中」、日、韩规划的全面 FTA 相比。政府应加快后续协商脚步，尽	#T#FTA#T#,快签署 ECFA 的后续相关协议，强化台湾的总体竞争力。就长期发展角度而言，台湾应尽速制订整体 FTA 战略，思考台湾签署 FTA的目的、可能签署的对象、内容以及先后顺序等，确立台湾签署 FTA 的目标。同时，台湾内部也要在心态、组织及制度面作相应的配套调整。首先，台湾要有大幅开放市场的准备，尽速研拟洽签 FTA 时产业开放的谈判原则；不能将与大陆谈判时要求让利的心态，施加于其他谈判对手国。在组织面，面对当前 FTA 议题牵涉范围日趋广泛的趋势，应参照南韩模式，充实谈判专业队伍与组织，检讨并改善签署 FTA	#T#FTA#T#, 时处理跨部会议题的方式，提升 FTA 签署效率。在政策面，妥为因应抗争及减缓三级产业可能面临的冲击，事先拟定弱势产业的补贴及救济政策，同时，政府必须查看国内法规并进一步松绑，加速经贸制度的变革，务期在洽签 FTA 的同时，能与国际制度接轨。			
⭐⭐⭐	1990	199	0	#T#CN FTZ-Shanghai#T#	#T#CN FTZ-Shanghai#T#	中国（上海）自由贸易试验区——大胆试 大胆闯 自主改	#T#CN FTZ-Shanghai#T#,中国（上海）自由贸易试验区——大胆试 大胆闯 自主改2021-04-20 08:04 来源： 人民日报海外版【字体：大 中 小】打印 上海浦东，基隆路9号。2013年9月29日，中国（上海）自由贸易试验区管委会挂牌。随后，《中国（上海）自由贸易试验区外商投资准入特别管理措施》发布。这是中国第一次用负面清单管理外商对华投资，迅速点燃了市场热情。自贸试验区管委会的企业办事大厅，投资人和创业者挤得水泄不通。2013年国庆黄金周，浦东工商局注册科的陈逸霏被紧急抽调，接收企业开办申请，“忙得抬不了头，拿到申请材料就往	#T#CN FTZ-Shanghai#T#,后面房间送，一天下来，材料堆满屋子，人都走不进去。”不到半年，自贸试验区添加中外企业7700多家，人们看好的是国内首个自贸试验区的改革红利。习近平总书记对上海自由贸易试验区建设提出明确要求：对照最高标准、查找短板弱项，大胆试、大胆闯、自主改，进一步彰显全面深化改革和扩大开放试验田的作用，亮明我国向世界全方位开放的鲜明态度。弹指7年多，“试验田”从28.78平方公里扩展到120.72平方公里，又添临港新片区。截至2020年底，上海自贸试验区累计新设企业6.9万户，是前20年同一区域的1.7倍，其中新设外资企业	#T#CN FTZ-Shanghai#T#,1.2万户，更有328项制度创新成果从上海推广至全国。自贸区试验，“试”出了中国开放新境界。对标国际最高标准最好水平，开展自贸区试验上海市委常委、浦东新区区委书记、中国（上海）自由贸易试验区管委会主任翁祖亮表示，上海自贸试验区贯彻落实党中央决策部署，对标国际最高标准、最好水平，开展自由贸易试验，为今后参与双边、多边以及区域合作奠定基础，为开展国际贸易新格局的相关谈判积累经验，进而为我国参与国际经贸规则的制定提供有力支撑。自上世纪90年代起，上海就设立了保税区。“对外开放，上海经验丰富，率先开展自贸区试验是最	#T#CN FTZ-Shanghai#T#,佳选择。”上海社科院研究员沈玉良说。在国家发改委、商务部、中国人民银行、海关总署等多部门支持下，上海市针对各项国际贸易规则，组建了18个研究团队逐条对标，让自贸试验区做到与国际最高标准接轨。先行先试，涉及国家多个部门，必须争取改革共识。历时一年，中国特色的自由贸易试验区方案出台。时任上海自贸试验区管委会副主任简大年说：“乘着巨轮启航，担着使命奋楫，历史或将写下：自贸区，中国开放新起点！”以开放促改革，理顺政府和市场的关系十八届三中全会提出，“使市场在资源配置中起决定性作用和更好发挥政府作用。”全国人大财政经	#T#CN FTZ#T#,济委员会一位委员说，“自贸试验区为理顺政府与市场的关系，找到了具体抓手。”推出“负面清单”，并根据改革进展不断完善。最初的负面清单，设立了18个行业门类190条不予准入或有限制的“禁区”，非禁止即准入。此后数次“瘦身”，2020年负面清单仅剩30条。改革接踵而来：注册资本实缴制变认缴制，审批改备案、实施告知承诺，先照后证、证照分离、一业一证……上海社科院研究员徐明祺认为，自贸试验区以开放促改革，确立了一套与国际通行规则接轨的市场准入方式。以前，开一间便利店，办齐各种行业许可证得奔忙数月。自贸试验区“一业一证	#T#CN FTZ-Shanghai#T#,”改革，把一个行业准入的多个审批事项，集成为一张“行业综合许可证”，审批时限压减近90%，申请材料压减近70%。2020年11月，国务院批复同意上海浦东新区开展“一业一证”改革试点。海关通关改革让企业更便利。上海自贸试验区探索实施了近百项创新举措，如“单一窗口”等具有国际先进水平的贸易监管制度，促进区内货物、服务等要素自由流动，创建国际自由贸易区通行的“一线放开、二线管住、区内自由”新模式……口岸整体通关时间压缩50%以上，每年降低费用超4亿元。金融改革稳步推进。2014年5月，自贸试验区分账核算体系创建，	#T#CN FTZ-Shanghai#T#,自由贸易账户推出，区内主体可以通过自由贸易账户开展投融资汇兑等创新业务。2015年10月，人民银行等部门和上海市发布《进一步推进中国（上海）自由贸易试验区金融开放创新试点 加快上海国际金融中心建设方案》的“金改40条”，金融制度创新框架基本形成。人民币跨境使用和外汇管理创新进一步深化，一批面向国际的金融交易平台有序运行。截至2020年底，有61家不同类型的金融机构直接接入自由贸易账户监测管理信息系统，开立自由贸易账户13.2万个，获本外币境外融资总额折合人民币2.1万亿元。临港新片区闯新关，扩大开放再升级披	#T#CN FTZ-Shanghai#T#,襟向洋的临港，距上海市中心70多公里，每逢节假日，滴水湖畔游人如鲫。2018年11月，习近平总书记在首届中国国际进口博览会上宣布“将增设中国上海自由贸易试验区的新片区”。2019年8月，临港新片区揭牌。有人这样评价临港新片区：“敢闯、敢试、敢改。”敢闯——投资自由，全国首个由外资控股的合资理财公司汇华理财设立；资金自由，跨境人民币结算便利化、本外币合一跨境资金池等业务相继落地；运输自由，首艘“中国洋山港”籍船舶完成登记……敢试——引进人才，减少审核的条条框框。一系列突破性人才政策，不断优化人才服务综合环境。	#T#CN FTZ-Shanghai#T#,位于临港新片区的榕融新材料公司，有一批学历不高却技术过硬的产业工人，临港不但为其落户，更安排入住公租房。敢改——临港审批管理模式“改”向扁平化：市级、区级1170项事权直接下放到临港一级，许多事项由原管理部门的三级或四级审批压缩为二级。揭牌一年多，临港新片区在“特殊功能”上做足文章：初步构建开放型政策制度体系，一批首创模式、首发项目、首个业务落地实施；洋山特殊综合保税区二期封关验收完成，特殊经济功能逐步显现；加快建设具有国际竞争力的前沿产业集群，重点聚焦集成电路、生物医药、人工智能、航空航天等领域，始终保持	#T#CN FTZ-Shanghai#T#,招商和投资热度……2020年，临港新片区签约重大项目365个，涉及投资额超过2542.38亿元，平均每天落地一个重大项目。“临港新片区正作为‘新平台、新窗口’，参与全球高端资源要素配置、产业分工和国际经济治理，更好地代表国家参与国际合作与竞争。”上海市委常委、临港新片区管委会常务副主任朱芝松说。（记者 李泓冰 谢卫群 季觉苏）										
⭐⭐⭐⭐	2240	172	0	#T#PRC-WReport#T#	#T#CN FTZ-Hainan#T#	中國大陸再增4個自貿區 共計21個	#T#Scrap#T#,中国大陆再增4个自贸区 共计21个关键字：中国大陆；自贸区；自由贸易实验区；北京；美中贸易战；十四五计划浏览次数：1625｜ 欢迎推文： facebook twitter wechat twitter twitter科技产业信息室 (iKnow) - May 发布于 2020年9月30日facebook twitter wechat twitter twitter图、中国大陆再增4个自贸区 共计21个 面对全球政治、经济及科技严峻挑战之际，迫使中国大陆更积极启动新的经济发展战略及提供产业链的安全稳定措施。例	#T#CN FTZ#T#,如扩大自贸区范围。 大陆国务院网站于2020年9月21日公布北京、湖南、安徽三自贸区总体方案，以及浙江自贸区扩展区域方案。目前，中国大陆31个省级行政区中已有21个被批准创建自由贸易实验区。从地域看，此次自贸区规划涵盖京津冀与长三角两大地区，其中，北京承载京津冀三地联通以及推动副都心建设的任务，安徽与浙江加深长三角一体化并加强对外贸易，湖南进一步发展中部地区。 中国自由贸易试验区（China Pilot Free Trade Zone），是中国设立的自由贸易园区，是指在主权国家或者地区的关境以外，划出特定的	#T#CN-EURO BIT#T#,区域，准许外国商品豁免关税自由进出。 由此可见，2020年即使面临空前挑战下，中国并未采取锁国策略，反而有意加速对外开放市场以宣示发展自由贸易的决心。例如：特斯拉电动车制造业进入中国，也带动在医疗、文化、电影及时尚等服务业，从自贸区向外扩散效益。同时，符合中国大陆「十四五规划（第14个5年规划）」喊出「建设国内大循环为主体，国内国际双循环相互促进的新发展格局」的主要方向。 2011年，中央政府初步确立了在青岛、天津、上海和深圳等地创建自由贸易区的规划与设想。2013年9月29日，上海自由贸易区最先挂牌成立，	#T#CN FTZ-Shanghai#T#,成为中国第一个自由贸易试验区。另2015年、2017年、2018年、2019年、2020年相继公布自贸新片区。根据维基百科整理如下： 表、中国大陆21个自由贸易实验区国务院批准成立时间 名称 片区 面积（km²） 发展目标 所属地区第一批：2013年9月29日 中国（上海）自由贸易试验区 上海外高桥保税区上海外高桥保税物流园区洋山保税港区上海浦东机场综合保税区28.78 具有国际水准的投资贸易便利、货币兑换自由、监管高效便捷、法制环境规范的自由贸易试验区 华东地区第二批：2015年4月21日 中国（天津）自	#T#CN FTZ-Shanghai#T#,由贸易试验区 天津港片区天津机场片区滨海新区中心商务片区119.9 投资便利、法制规范、监管有效等的国际一流自由贸易园区 华北地区中国（福建）自由贸易试验区 平潭片区厦门片区福州片区118.04 增强台闽合作，拓展海上丝绸之路相关国家合作的深度和广度 华东地区中国（广东）自由贸易试验区 广州南沙新区片区深圳前海蛇口片区珠海横琴新区片区116.2 投资便利、法制规范、监管有效等的国际高标准的自由贸易区 华南地区中国（上海）自由贸易试验区（进一步深化改革开放） 陆家嘴金融片区金桥开发片区张江高科技片区91.94	#T#PRC-WReport#T#, 建设成为开放度最高的投资贸易便利、货币兑换自由、监管高效便捷、法制环境规范的自由贸易园区。 华东地区第三批：2017年4月1日 中国（辽宁）自由贸易试验区 沈阳片区大连片区营口片区119.89 切实转变政府职能、深化投资领域改革、推进贸易转型升级、深化金融领域开放创新、加快老工业基地结构调整和加强东北亚区域开放合作 东北地区中国（浙江）自由贸易试验区 舟山离岛片区舟山岛北部片区舟山岛南部片区119.95 投资贸易便利、高端产业集聚、法治环境规范、金融服务完善、监管高效便捷、辐射带动作用突出，以油品为核心的	#T#CN City Development#T#,大宗商品全球配置能力显著提升，对接国际标准初步建成自由贸易港区先行区 华东地区中国（湖北）自由贸易试验区 武汉片区宜昌片区襄阳片区119.96 成为中部有序承接产业转移示范区、战略性新兴产业和高技术产业集聚区、全面改革开放试验田和内陆对外开放新高地 华中地区中国（河南）自由贸易试验区 郑州片区洛阳片区开封片区119.77 交通物流通达、高端产业集聚、投资贸易便利、监管高效便捷、辐射带动明显的高水平自由贸易园区中国（重庆）自由贸易试验区 两江片区西永片区果园港片区119.98 便利投资贸易、聚集高端产业、高效	#T#PRC-WReport#T#,便捷的监管、完善的金融服务、规范的法治环境、为西南地区、长江经济带及一带一路各点、线、面发挥辐射带动作用 西南地区中国（四川）自由贸易试验区 成都天府新区片区成都青白江铁路港片区川南临港片区119.99 法治环境规范、投资贸易便利、创新要素集聚、监管高效便捷、协同开放效果显著的高水平高标准自由贸易园区中国（陕西）自由贸易试验区 西安中心片区西安国际港务区片区杨凌示范区119.95 投资贸易便利、高端产业聚集、金融服务完善、人文交流深入、监管高效便捷、法治环境规范的高水平高标准自由贸易园区 西北地区第四批：2	#T#CN FTZ-Hainan#T#,018年10月16日 中国（海南）自由贸易试验区 不适用 仅海南岛33,920 km² 以供给侧结构性改革为主线，建设自由贸易试验区和中国特色自由贸易港，发挥自身优势，大胆探索创新，着力打造全面深化改革开放试验区、国家生态文明试验区、国际旅游消费中心、国家重大战略服务保障区 华南地区第五批：2019年7月27日 中国（上海）自由贸易试验区扩围 临港新片区119.5 具有较强国际市场影响力和竞争力的特殊经济功能区 华东地区第六批：2019年8月26日 中国（山东）自由贸易试验区 济南片区青岛片区烟台片区119	#T#CN Economics#T#,.98 加快推进新旧发展动能接续转换、发展海洋经济，形成对外开放新高地，提出了培育贸易新业态新模式、加快发展海洋特色产业和探索中日韩三国地方经济合作等 华东地区中国（江苏）自由贸易试验区 南京片区苏州片区连云港片区119.97 打造开放型经济发展先行区、实体经济创新发展和产业转型升级示范区，提出了提高境外投资合作水平、强化金融对实体经济的支撑和支持制造业创新发展 华东地区中国（广西）自由贸易试验区 南宁片区钦州港片区崇左片区119.99 建设西南中南西北出海口、面向东协的国际陆海贸易新信道，形成21世纪海上	#T#PRC-WReport#T#,丝绸之路和丝绸之路经济带有机衔接的重要门户，提出了畅通国际大信道、打造对东协合作先行先试示范区和打造西部陆海联通门户港等 华南地区中国（河北）自由贸易试验区 雄安片区正定片区曹妃甸片区大兴机场片区119.97 建设国际商贸物流重要枢纽、新型工业化基地、全球创新高地和开放发展先行区，提出了支持开展国际大宗商品贸易、支持生物医药与生命健康产业开放发展等 华北地区中国（云南）自由贸易试验区 昆明片区红河片区德宏片区119.86 打造「一带一路」和长江经济带互联互通的重要信道，建设连接南亚东南亚大信道的重要节点，推	#T#Northeast CN Affairs#T#,动形成我国面向南亚东南亚辐射中心、开放前沿，提出了创新沿边跨境经济合作模式和加大科技领域国际合作力度等 西南地区中国（黑龙江）自由贸易试验区 哈尔滨片区黑河片区绥芬河片区119.85 深化产业结构调整，打造对俄罗斯及东北亚区域合作的中心枢纽，提出了加快实体经济转型升级、推进创新驱动发展和建设面向俄罗斯及东北亚的交通物流枢纽等 东北地区第七批：2020年9月21日 中国（北京）自由贸易试验区 科技创新片区国际商务服务片区高端产业片区119.68 建设具有全球影响力的科技创新中心，加快打造服务业扩大开放先行区、	#T#CN City Development#T#,数字经济试验区，着力构建京津冀协同发展的高水平对外开放平台等 华北地区中国（湖南）自由贸易试验区 长沙片区岳阳片区郴州片区119.76 打造世界级先进位造业集群、联通长江经济带和粤港澳大湾区的国际投资贸易走廊、中非经贸深度合作先行区和内陆开放新高地等 华中地区中国（安徽）自由贸易试验区 合肥片区芜湖片区蚌端口片区119.86 推动科技创新和实体经济发展深度融合，加快推进科技创新策源地建设、先进位造业和战略性新兴产业集聚发展，形成内陆开放新高地等 华东地区中国（浙江）自由贸易试验区扩展区域 杭州片区宁波片区金义	#T#CN FTZ-Hainan#T#,片区119.5 打造以油气为核心的大宗商品资源配置基地、新型国际贸易中心、国际航运和物流枢纽、数字经济发展示范区和先进位造业集聚区等(636字；图1)参考数据：中国自由贸易试验区，维基百科。 相关文章：1. 中国大陆「海南自由贸易港建设总体方案」是否对香港形成排挤效应？2. 中国『十四五规划』投入10兆人民币拚第三代半导体自主3. 『十四五』规画 培育智能建材、选出六家智能制造代表4. 中国大陆「两会2020」两大议题：「十四五」规划，通过「新基建」财政预算5. 中国大陆四大自由贸易试验区之方案观察						
⭐⭐⭐⭐	2420	186	0	#T#CN-JP Relations#T#	#T#Indo-Pacific Framework#T#	中日韓啟動FTA協商及其對兩岸台商之影響	#T#CN-JP-KOR FTA#T#,中日韩启动FTA协商及其对两岸台商之影响■文／吴福成（台湾经济研究院国际事务处副处长）更新日期：109-08-19最近中日韩领袖在北京召开高峰会，发表关于提升全方位合作伙伴关系宣言，并支持在年内启动自由贸易协定（ＦＴＡ）谈判。由于中日韩领袖还认可签署投资协定，此一旨在促进和保护三国间投资行为的法律文档和制度性安排，已替未来建设中日韩自由贸易区提供重要基础。将来中日韩ＦＴＡ一旦实现，经济规模约占全球二○％，仅次于欧盟和北美自由贸易区，将成为全球第三大经济体。我国迄今尚无机会参与其中，恐将蒙受不可测的市场竞争风	#T#CN-JP-KOR FTA#T#,险。由于中国大陆是我国最大出口和顺差市场，日本是我国最大贸易逆差国，韩国是我国出口主要竞争对手，预期在中日韩ＦＴＡ登场后，透过日本的资金和技术、韩国的创造力和营销能力、中国大陆的资源和市场等优势集成，必能提升产业竞争力，大幅降低贸易成本，进而扩大区域内贸易规模，相对必将压缩台湾在区域内贸易活动空间。因此，如何面对中日韩ＦＴＡ，以及针对其可能给两岸台商带来挑战未雨绸缪，有其重要性和迫切性。中日韩ＦＴＡ的理想与现实根据已公布的「中日韩自由贸易区可行性联合研究报告」，中日韩三方内部贸易仅占其总贸易量不到二○％，远	#T#CN-JP Relations#T#,低于欧盟的六三‧二％。同时三方间相互投资也明显偏低，只占其对外投资总额六％，所以推动中日韩ＦＴＡ以实现货物、人员和资本自由流动，将全面促进三者产业调整和经济发展，大幅增加消费者福利，继而实现共同繁荣。特别是当前欧债危机不断发酵，美国尚未从经济危机中恢复，推动中日韩ＦＴＡ，应可发挥经济持续成长的引擎动力。中日韩ＦＴＡ涉及的领域和范围，有货物贸易、服务贸易、投资，以及其他议题如：卫生与植物卫生措施、技术性贸易障碍、知识产权、透明度、竞争政策、争端调解、产业合作、消费者安全、电子商务、能源与矿产资源、渔业、食品	#T#CN-JP-KOR FTA#T#,、政府采购和环境等。未来的谈判原则也设置，将是一个涵盖面广的高水准协定，也会与世贸组织（ＷＴＯ）规则保持一致，并对各方敏感领域给予充分关注。客观来看，中日韩ＦＴＡ有理想，也有其现实问题。目前三者的关税税率是不对称的，日本出口商品到中韩，都被课征较高关税；而中韩出口商品到日本，却只课征较低关税。所以在未来货物贸易自由化谈判上，日本和中韩将有一番苦战。尤其，三者本身也都同样要面对敏感产业的开放压力，例如大陆具竞争力的农产品将对日韩市场造成冲击，日韩具竞争力的钢铁、石化、汽车等技术密集制造业也将对中国大陆相关产业	#T#CN-JP Relations#T#,发展造成影响。最重要的是，韩国虽原则上同意在年内启动中日韩ＦＴＡ谈判，却对日本工业产品将大军压境存有戒心，认为会恶化对日贸易逆差。因此，抢先与中国大陆启动双边谈判，希望在两年内签订ＦＴＡ，并暗示「中日韩ＦＴＡ难以与中韩ＦＴＡ同时进行谈判」，言外之意，即中韩ＦＴＡ谈判优先于中日韩ＦＴＡ。尽管大陆农产品也会对韩国农业造成伤害，但因双方已同意安排过渡期保护缓和冲击，加上中国大陆庞大内需市场更具诱因，使得韩国宁「亲中」而「远日」。对两岸台商的影响利弊互见面对中日韩即将启动谈判，国内上下都相当紧张，认为将全面冲击台湾	#T#Cross-Strait Relations#T#,产业发展，并质疑：台湾的下一步何在？萧万长前副总统忧心忡忡，中日韩ＦＴＡ一旦谈成，恐将抵销两岸经济合作协议（ＥＣＦＡ）的优势。马英九总统更指示行政院必须加速我国与各国的经贸谈判，以积极行动争取参与区域经济集成，同时ＥＣＦＡ后续协商也希望尽速完成，否则签署ＥＣＦＡ对韩国的相对优势可能很快被抵销。根据亚太经济合作会议（ＡＰＥＣ）一项研究，中日韩ＦＴＡ将带给台湾国内生产总值（ＧＤＰ）负成长一‧一八％，在亚太区域内二十一经济体受冲击程度是仅次于泰国的负成长一‧一九％，可见中日韩ＦＴＡ对台湾经济影响甚钜。台湾经济研究	#T#CN-JP-KOR FTA#T#,院相关研究也指出，我国与韩日两国在出口结构相似度高，台韩间的相似度高达八○％，台日间的相似度也有六七％，意味着将来在中日韩ＦＴＡ签订之后，因三方彼此撤除关税，更将对我国产品出口中日韩市场造成替代威胁。尤其在中国大陆有过半的进口产品，我国与日韩都是相互竞争的贸易对手国。将来中日韩ＦＴＡ实现，我国面对的将是关税不公平待遇，基于贸易移转效应，必将导致我方产品如车辆零组件、电机设备及其零组件、机械及零组件、光学产品及其零附件、塑胶及其制品、调制食品、纺织品等出口大陆受到挤压或被替代。不过，大陆台商则拜中日韩ＦＴＡ之	#T#CN-JP Relations#T#,赐，其制品可以「made in China」名义享受免关税而扩大对日韩市场出口。当然，将来日韩产品出口大陆也可免关税，压缩大陆台商在大陆内需市场的发展空间。 另外，在投资领域我国也会受到冲击。由于中日韩已签订投资协定，将使我方原本计划利用ＥＣＦＡ争取日资来台，或台日合作前进大陆市场的目标被打折扣。因为，日韩企业直接到中国大陆投资后，其制品即可以「made in China」名义，搭两岸ＥＣＦＡ便车，转销台湾市场。根据全国工业总会的「二○一二年进口威胁调查报告」，中日韩进口产品已严重冲击本土厂商，将来中日韩Ｆ	#T#CN-JP Relations#T#,ＴＡ登场后，此一问题恐将更为严重。中日韩还有荆棘之路要走中日韩ＦＴＡ要进一步实现，还有一段荆棘之路要走。由于大陆总理温家宝将在今年秋中共十八大后交棒，日本总理野田佳彦的民意支持度低，恐怕不久也会下台，韩国总统李明博则已任满五年，依法不能再竞选连任，今年十二月即将卸任。因此，赶在今年中日建交四十周年、中韩建交二十周年之际，拍板定案在年内启动中日韩ＦＴＡ谈判，颇有「赶业绩」、「写历史」的味道。未来，三方新领导人能否无缝接轨，延续前人所安排的中日韩ＦＴＡ谈判方向，仍有待观察。另外，中日韩之间迄今仍存在地缘政治严重	#T#CN-JP Relations#T#,矛盾，极可能是未来启动ＦＴＡ谈判的潜在地雷，包括中日钓鱼台、日韩独岛、中韩苏岩岛等主权争议。所以在地缘政治问题未解决之前，短期内要深化三国经济集成，恐非易事。何况，中日韩的历史问题，如二战慰安妇、靖国神社等，均引发中韩人民不满。近来日本右派势力敌视中国大陆，支持新疆维吾尔族和西藏人权，也都是未来洽签中日韩ＦＴＡ的干扰因素。最后是美国的「重返亚洲」战略，强势主导具有「围堵」中国大陆色彩的跨太平洋伙伴协定（ＴＰＰ），也可能成为中日韩ＦＴＡ谈判障碍。目前美韩已签署ＦＴＡ，还催促日本加入ＴＰＰ，自不希望日韩两国向中	#T#CN-JP Relations#T#,国大陆过度倾斜。尤其，在应对北韩核武问题上，中日韩的立场分歧，日韩两国力主应迫使北韩放弃核武试验，北京则希望采取温和措辞，最后北韩核武问题并没有写入北京领袖高峰会的联合声明里。ＥＣＦＡ后续谈判化解中日韩ＦＴＡ冲击总结上述，中日韩ＦＴＡ将在年内启动谈判，不啻敲响了台湾经贸发展的警钟，但应不至于是丧钟。因为从主客观条件来研析，中日韩ＦＴＡ谈判进程恐需漫长岁月，只要我国能能快马加鞭推动两岸ＥＣＦＡ后续谈判，签出品质好的货物贸易、服务贸易和投资等协定，两岸台商即可利用此一优势，站稳开拓大陆内需市场脚步，并以ＥＣＦＡ	#T#CN-JP Relations#T#,作为延伸发展东亚区域产业链合作平台。如此一来，不但可化解中日韩ＦＴＡ可能带来冲击，也能与其他经贸伙伴国或区域接轨，进而为对外洽签ＦＴＡ奠定有利基础。针对中日韩ＦＴＡ的挑战，政府有关部门理应有长远战略思维。东亚区域已存在中国—东协、日本—东协、韩国—东协等三个「１０＋１」自由贸易区，一旦中日韩ＦＴＡ成形，再与东协签订ＦＴＡ，所谓「１０＋３」东亚自由贸易区即不难实现，这也是未来迈向创建亚太自由贸易区（ＦＴＡＡＰ）的路径图之一。两岸须尽快深化ＥＣＦＡ内容，并与出口主要市场日韩、东协发展实质经贸投资关系，只要能实质	#T#Indo-Pacific Framework#T#,参与东亚区域产业分工体系，台湾即便一时无法被纳入「１０＋３」，也会因区域产业链合作紧密，而确保本身的经贸利益。							
⭐⭐⭐⭐⭐	1200	200	0	#T#CN FTZ-Fujian#T#	#T#CN FTZ-Fujian#T#	報告：福建自貿試驗區六周年 對台服務特色鮮明	#T#CN FTZ-Fujian#T#,报告：福建自贸试验区六周年 对台服务特色鲜明北京新浪网 (2021-08-21 17:26) 分享| 分享至新浪微博 分享至facebook 分享至PLURK 分享至twitter 友善打印中新网上海8月21日电 (樊中华)今日，上海社会科学院经济研究所正式发布《中国(福建)自由贸易试验区六周年评估报告》(下称《报告》)称，中国(福建)自由贸易试验区(下称「福建自贸试验区」)挂牌运行六年来，充分激发了内外资市场主体活力，台资企业规模稳步壮大，外资吸引力不断增强，开创了「一带一路」合作新空间。2015年，福建	#T#CN FTZ-Fujian#T#,自贸试验区挂牌成立，以其闽台地缘背景及海上丝绸之路的起点优势，被定位为「改革创新的试验田、两岸经济合作的示范区、面向21世纪海上丝绸之路沿线国家和地区开放合作的新高地」。《报告》显示，六年来，福建自贸区的《总体方案》和《深化方案》试验任务完成率超过95%，累计推出实施创新举措17批480项。其中全国首创196项，复制拓展284项，对台先行先试102项。其中，如何发展海洋经济、深化两岸合作、促进闽台经济深度融合是福建自贸试验区改革探索的重点之一。《报告》指出，福建自贸试验区坚持对台特色，为促进要素自由流动，推	#T#CN FTZ-Fujian#T#,动贸易便利化，在产业合作、货物通关、金融开放、人员交流往来等方面进行了先行先试、率先突破，以促进两岸融合发展。如在改革行业急需人才的职称评定机制上，福建自贸试验区针对行业短缺的人才和台湾人士设计专门的审核和认定机制，降低人才和人员流动的堡垒，并简化台湾人士流动进程，鼓励和方便台湾专业人士来自由贸易试验区就业、创业；在金融服务上，创新融资租赁企业对台跨境人民币贷款业务等；在技术流通上，对进口原产于台湾的一般成套设备及单机实施「备案管理，免于现场检验」。平潭片区则在影视、旅游、建筑、规划、教育、人力资源等50多	#T#CN FTZ-Fujian#T#,个领域率先对台开放。数据显示，截至2021年4月底，福建自贸试验区添加台资企业2758家，合同台资78.04亿美元，分别占全省同期的36.7%、40.2%。此外，承载着国家在福建的改革开放战略及新发展格局需要，福建自贸试验区着力发挥促进国内、国际双循环的枢纽作用。《报告》显示，福建自贸试验区积极落实国家扩大投资开放政策，投资便利化程度显著提高，六年多来累计添加企业10.37万户，注册资本2.26万亿元人民币，分别是挂牌前的6.7倍、10.2倍。添加外资企业4416家，合同外资325.7亿美元，分别占全省同期	#T#CN FTZ-Fujian#T#,的34.9%、38.4%。以不到全省千分之一的面积，引进全省近四成添加外资，贡献了六分之一的外贸进出口额。在经济合作与区域经济一体化方面，「丝路海运」作为中国首个以航运为主题的「一带一路」国际综合物流服务品牌和平台，开行至今已累计开通70条「海丝」航线，覆盖近30个国家50余个港口；累计开行超过2000个航次。《报告》认为，福建自贸试验区以产业精、理念新、机制活的特点，避免简单复刻自贸试验区的「上海经验」，而是以此为基础，结合地域特点，不断摸索改革之路。同时深挖保税区功能，创新「保税＋」模式，培育大批新业态	#T#CN FTZ-Fujian#T#,，倒逼和催生新的制度需求与政策供给突破。《报告》显示，福建全省共有34项试点经验被国务院及国务院办公厅发文在全国复制推广，占同期全国的31%，在全国自贸试验区中走在前列。6项入选全国自贸「最佳实践案例」，数量全国最多。一些首创性的「福建经验」推动了国家根本性的制度变革，为国家改革提供了范本。(完)														
⭐⭐⭐	1120	186	0	#T#CN FTZ-Guangdong#T#	#T#Greater Bay Area#T#	廣東自貿區「十四五」規劃 鼓勵創新型企業赴港上市	#T#CN FTZ-Guangdong#T#,广东自贸区「十四五」规划 鼓励创新型企业赴港上市 经济脉搏16:55 2021/09/22 分享： 广东省政府印发自贸区「十四五」规划，实施全国最短外商投资负面清单，在先进制造业等率先大幅放开外资准入，到2025年进出口总额将达4,000亿元人民币。规划又提出，支持港澳私募基金参与创型新企业融资，鼓励后者赴港上市，并探索跨境理财通，便利投资者展开人民币跨境双向直接投资。《中国（广东）自由质易试验区发展「十四五」规划》共9章、22节，明确十四五期间的发展目标及片区功能定位，围绕打造高水平对外开放门户枢纽，在制	#T#CN FTZ-Guangdong#T#,度创新、产业布局、城市建设等方面列出重点工作。其中共提出41项重点投资项目，对省内自贸区各片区的重点项目进行统筹安排。三大片区错位发展，前海聚焦贸易及金融规划明确，三个片区区域功能各有侧重错位发展，南沙片区建设大湾区综合性国家科学中心主要承载区、国际人才特区、进口贸易促进创新示范区、粤港澳全面合作示范区，打造联动湾区、面向世界的高水平对外开放门户。前海蛇口片区联动香港建设新型国际贸易中心、国际高端航运服务中心、国际法律服务中心和国际商事争议解决中心，提升国家金融业对外开放试验示范窗口和跨境人民币业务创新试验	#T#CN FTZ-Guangdong#T#,区功能，打造社会主义先行示范区全面深化改革创新试验平台。横琴片区加快横琴粤澳深度合作区建设，推动粤澳两地规则衔接，打造促进澳门经济适度多元发展的新平台、丰富「一国两制」实践的新示范。各自贸区放开市场准入，投资自由化便利化程度显著提高，实施最短负面清单，率先在现代服务业、先进制造业大幅放开外资准入。到2025年，形成与高水平开放匹配的「关、汇、税、融」制度体系，货物、资金更自由流动。累计注册港澳资企业数量3万家，基本建成粤港澳深度合作平台、港澳产业发展新空间。扩大金融开放，深化与港澳合作在金融业方面，支持港澳	#T#Greater Bay Area#T#,私募基金参与融资，鼓励符合条件的创新型企业赴港澳上市。探索跨境理财通机制，便利投资者以人民币跨境双向直接投资。高标准建设广州期货交易所，发展完整期货产业链，吸引全球投资者参与，打造国家级金融基础设施平台，设立大湾区国际商业银行，服务区内置设及科技创新。在营造市场化、法制化、国际化营商环境方面，规划中提出深化「放管服」改革，创新投资管理体制，优化法制环境，实施自由便利的人才流动政策，强化风险防控与监控等举措。建设大湾区国际航运枢纽，提出提升货物贸易自由便利化水平，发展国际贸易新业态，展开数字贸易创新试点，推动	#T#Greater Bay Area#T#,国际航运贸易中心发展等举措。打造金融开放创新示范窗口，提出进一步扩大金融业领域开放，深化与港澳金融业合作，促进金融支持实体经济发展等举措。此外，进一步扩大对港澳服务业领域开放，深化粤港澳口岸通关便利化改革，建设重大合作平台等举措。在促进现代产业集聚发展方面，提出打造具有国际竞争力的高质量现代产业体系，加强与大湾区、海南自由贸易港、「一带一路」沿线国家和地区产业联动发展等举措。【大湾区】前海扩容建开放枢纽 提跨境证券投资业务【大湾区】前海深港合作区扩容近8倍 定位开放门户枢纽（附全文）机构调查：大湾区5年内将	#T#PRC-Think#T#,成为世界领先科技中心责任编辑：陈建锡														
⭐⭐⭐⭐	600	200	0	#T#CN FTZ-Hainan#T#	#T#CN FTZ-Hainan#T#	海南自由貿易港法今立法通過 離獨立關稅區更近一步	#T#CN FTZ-Hainan#T#,海南自由贸易港法今立法通过 离独立关税区更近一步2021-06-10 15:58 联合报 / 记者戴瑞芬／即时报导海南海口5月举行首届中国国际消费品博览会。图源：新华网海南海口5月举行首届中国国际消费品博览会。图源：新华网大陆全国人大常委会第今（10）日表决通过海南自由贸易港法，自公布之日起施行。海南自贸港单独立法，成为全球最大的自由贸易港，也意味成为独立关税区更近一步。自由贸易港为大陆开放程度最高的自贸试验区，在自由贸易港里，海关一线真正放开，货物自由流动，取消或最大程度简化入港货物的贸易管制措施，简化一	#T#CN FTZ-Hainan#T#,线申报手续。中新网报导，海南自由贸易港法立法通过，海南岛全岛设立海南自由贸易港，分步骤、分阶段创建自由贸易港政策和制度体系，实现贸易、投资、跨境资金流动、人员进出、运输来往自由便利和数据安全有序流动。海南自由贸易港建设和管理活动适用本法。中国人民银行副行长、国家外汇管理局局长潘功胜10日也在陆家嘴论坛上表示，外汇局拟在上海临港新片区以及粤港澳大湾区和海南自贸港部分地区，开展外汇管理高水平开放试点，为外汇领域推进高水平制度型开放积累经验。市场分析，相较深圳特区、浦东新区、雄安新区，都未能单独立法，海南自由贸易	#T#CN FTZ-Hainan#T#,港法立法通过，意味着开放力度极大，在自由贸易港的政策支持下，未来海南省可能将会在贸易，物流，以及金融等方面快速发展，构建开放型经济新体制的示范标竿，离独立关税区越来越近，成为全球贸易发展和世界经济增长的新枢纽。海南海口免税店内，打折商品吸引了不少人排队购买。 图源中青报海南海口免税店内，打折商品吸引了不少人排队购买。 图源中青报海南洋浦经济开发区的洋浦国际集装箱码头。图源：新华社海南洋浦经济开发区的洋浦国际集装箱码头。图源：新华社																	
⭐⭐⭐⭐⭐	3360	186	0	#T#CN FTZ-Hainan#T#	#T#CN FTZ-Hainan#T#	海南自貿島：房地產泡沫「宿命論」後的雄心和憂慮	#T#CN FTZ-Hainan#T#,海南自贸岛：房地产泡沫「宿命论」后的雄心和忧虑2020年6月22日三亚海棠湾亚特兰蒂斯酒店一期项目图像来源，GETTY IMAGES图像加注文本，高端服务业和旅游业一直是海南规划发展的重点，但在过去两轮大开发中，政策红利最终大多转换成了房地产泡沫。位于中国南部的海南岛再次成为关注焦点。本月，中国政府宣布海南自由贸易港的建设方案，随后又举行发布会详解背后的开放政策。零关税、10万个人免税购物额、超低个人所得税和企业所得税、开放航权等「超预期」的开放力度引起议论——有观点认为，开放措施对标香港的意图明显，考虑到	#T#Informative#T#,香港近期的社会事件，此举意在让海南取代香港，至少是对冲香港的风险。也有观点认为，中国经济面临内外困境，急需超常举措，产生新的动能，海南是绝佳的「改革沙盒」。沙盒是计算机技术中的一种安全机制，大致原理是通过一个隔离环境测试不可知的进程。在建省后的30多年里，海南多次成为中国经济改革试点，但搅起的开发热潮最后均以地产等泡沫形式收场，这一次能否摆脱宿命？中国不设GDP增长目标 预示经济面临大麻烦中国宣布的雄安新区是怎么一回事？国安法：取消香港独立关税区的博弈英媒：中国雄安新区能否成功受质疑中国境内的避税天堂Mai	#T#CN FTZ-Hainan#T#,nland China 100 Yuan notes are at a Bank of China in Hong Kong 12 January 2007.图像来源，AFP图像加注文本，海南离岛免税购物额将提升到10万元，允许岛内居民购买免税商品，以及所有中转航班免征航空燃油税。如果说全球有一个地方热衷于搞「经济特区」或「自贸区」，那无疑是中国。美国官方一份报告显示，2019年全球各种形式的「自贸区」数量超过5000个，其中接近一半在中国。尽管如此，海南自贸港方案依然引起极大关注。因为海南自贸港的很多政策	#T#CN FTZ-Hainan#T#,超出外界预期，把这个小岛的开放程度直接拉到中国前所未见的水平。比如：超低税率。中国个人所得税最高一档的税率达到45%，企业所得税达到25%，很多一线城市高端人才的收入很容易就触及最高一档。海南这两项税率则低至15%。零关税。配合这一政策的还有离岛免税购物额提升到10万元，允许岛内居民购买免税商品，以及所有中转航班免征航空燃油税。这些政策也将制造出另一奇观——海南将成为中国首个「境内关外」地区（香港、澳门为「境外关外」），中国称将在2025年前在整个海南封关，意味着中国人去海南也要过一道海关。原产于海南或在海	#T#Informative#T#,南加工增值超过30%后，进入中国内地免关税。假如一家美国车企在海南建厂，它可以从全球免税进口零部件，组装后只要整车价值比所有零部件高30%以上，就可以免关税输入中国内地市场。经济学人智库中国首席分析师王丹向BBC中文表示，海南被赋予了改革立法和监管制度的巨大自主权。包括减少贸易壁垒、国家干预和企业税的试点计划将对企业产生吸引力。王丹提醒，「不过，初期可能会有大量的套利行为，会将海岛作为避税天堂，而不是进行有价值的投资。构建能真正吸引人才和投资者的市场化体系，将是一项长期工作。」能否逃脱「房产诅咒」Worke	#T#CN FTZ-Hainan#T#,rs walk past a construction site of residential buildings by property developer Country Garden in Kunming, Yunnan province, China September 17, 2019图像来源，REUTERS图像加注文本，海南被认为经历了两次政策推动的大开发，但最终结果都是房产泡沫高涨，和发展高端产业尤其是高端服务业的目标相距甚远。出生于上世纪七八十年代的中国人，对「海南热」这个词并不陌生。具体来	#T#CN Finance#T#,说，海南被认为经历了两次政策推动的大开发，分别是1980年代末建省前后，以及2010年的建设国际旅游岛，但最终结果都是投机兴起，炒房热导致房产泡沫高涨，和发展高端产业尤其是高端服务业的目标相距甚远。1988年，海南从广东省划出，成立海南省，作为经济特区也被赋予一系列宽松政策，海南似乎成为比肩深圳的商机热土，「海南热」也从南国一路烧到北疆。刚刚脱离计划经济桎梏的中国人迫不及待南下淘金，「十万人才下海南」成为那个年代中国人的共同记忆。然而，海南的第一个高光时刻却以闹剧收场。重磅政策优惠、大量人才、天量资金，三者	#T#CN FTZ-Hainan#T#,汇集海南，没有激发出第二个深圳奇迹，却催生了中国人记忆里第一个房地产泡沫危机。徘徊在每平米1000多元的海南房价，在1992年暴涨超过5000元，1993年超过7000元。随后在1996年崩盘，萎缩程度一度超过80%。This file photo taken on October 12, 2016 shows a woman sitting on her balcony as she watches bulldozers clearing the rubble of demolished building		#T#CN Finance#T#,爆表。不到十年，海南留下的是一地烂尾楼和中国改革开放后第一间倒闭的银行。之后多年，海南都在消化泡沫的代价。这出闹剧，即凸显出中国改革开放初期狂飙突进的行事风格，也折射出当时社会的极度投机心理。海南再次「热」起来是2010年，中国政府以「重大战略部署」形式，提出在2020年将海南初步建成世界一流海岛休闲度假旅游胜地，政策方面则对发展旅游相关的现代服务业予以扶持。然而，这股热潮再次被房地产绑架，这个岛没有如期出现游客暴涨，却迎来的地产商的狂欢。房地产似乎成为海南发展的诅咒。每次面对重大政策利好，都会最终被房地产	#T#CN FTZ-Hainan#T#,突然泡沫化吞噬。以至于有经济学家认为，海南的「泡沫文化」将制约这个岛的发展，因为在东亚，还没有一个经济体可以跨越制造业阶段，直接进入高水平发展，即便香港的崛起也构建在70年代制造业的兴盛之上。最新的方案似乎意识到这一点，一方面推出鼓励制造业发展的优惠政策，同时高调宣称不做「房地产加工厂」。能否取代香港海南新政出台之前三天，中国全国人大通过了制定香港《国安法》的决定。事实上，海南自贸港出台后，最常被联想的对象就是香港——「海南的目标是取代香港吗？」的疑问遍布中文社交媒体。从政策细节上看，似乎确有端倪：零关税和	#T#Greater Bay Area#T#,开放航权，有可能冲击香港经济中占比最大的国际贸易份额。十万元的免税购物额，对比香港5000元的免税购物额，有可能冲击后者依赖中国内地游客的零售业。15%的企业所得税和个人所得税税率似乎也与香港税制旗鼓相当。乃至「构建多功能自由贸易账户体系」等金融开放举措，可能对香港作为金融中介的巨大优势构成威胁。但受访经济学家无一认为海南可能取代香港。最高档税率对比. . .香港中文大学房地产及金融助理教授胡荣向BBC中文表示，海南比香港体量大得多，其设计的定位不是取代香港，而是为中国整体经济体制的进一步深层次改革开放做凖	#T#CN FTZ-Hainan#T#,备。由于中国整体经济结构和水平和香港是完全不一样的，所以完全把香港经济经验用于全国的进一步改革开放不恰当。「所以海南自贸港发展目标与香港完全不同，他们更多是互相促进的关系，而非竞争关系。」英国皇家国际事务研究所查塔姆（Chatham House）资深研究员夏添恩（Tim Summers）也认为，海南将不会替代香港，这也不是创建海南自贸港的目的。海南将会与香港互补，尤其是在零售和物流领域。贸易战影响下，中美双边贸易量会下降，间接影响到香港的转口贸易。图像来源，GETTY IMAGES图像加注文本，贸易战影响到	#T#CN FTZ-Hainan#T#,香港的转口贸易。而海南的免税政策让人们关注其对香港的替代功能。「更深一层的趋势是，中国经济的持续增长，考虑到中国现在的经济规模，拥有超过一个自由港很合理。香港可以持续扮演一个有价值的角色，只要对香港的管治允许这么做。」夏添恩表示。王丹则强调海南对香港的金融中心地位没有威胁，「因为海南不能提供自由的资金外流。它更有可能利用其天然的宜居环境，成为医疗、教育等服务产业的试点。」王丹还提出海南在创建自贸港过程中的另一个挑战——海南不像香港、澳门那样享有世贸组织批准的独立关税区地位。其税收和贸易激励政策可能在国际上受	#T#CN FTZ-Hainan#T#,到更多阻力，不太可能所有企业都能平等地进入中国市场。事实上，经济学家认为，香港作为全球最成功的自贸港，很可能成为海南的老师，为前者带来新的商机。胡荣称，香港的人才和资金会在海南自贸港的建设中发挥巨大的作用。在法制制度的创建和监管方面，海南自贸港都会向香港借鉴很多经验。YUAN AND DOLLAR图像来源，AFP图像加注文本，香港与大陆在国际上被视为不同的关税区。分析认为，海南难以取代香港的金融及贸易功能。海南自贸港背负的新试验经济特区在中国屡见不鲜，在中国改革开放之初，甚至成为政府破局的屡试不爽的绝招。但	#T#CN FTZ-Hainan#T#,以往建设经济特区的逻辑都有迹可循——中国最早的经济特区深圳、珠海和厦门，分别为了承接香港、澳门和台湾的经验和资金而设立。其后的浦东新区，乃至不久前设立的雄安新区，则是为了配合上海和北京这两个大城市的发展，疏解一部分城市功能。Picture shows: presenter Billie Porter at Group Wedding in Hainan图像加注文本，海南一处海滩上的集体婚礼。相对封闭的地理环境和相对较小的经济体量，使海南成为天然的一块试验田，用以测试中国开放政策究竟能走多远。海南则完全不同于	#T#CN FTZ-Hainan#T#,这两种情况，既没有临近的发达国家或地区，供其借鉴经验和承接资金，也没有现成的大都市，供其疏解功能。胡荣认为，海南自贸港的作用是，作为中国经济改革的试验田，测试改革的深度。她表示，海南自贸港目标是创建不同于内地目前经济特区的一整套经济贸易法制服务规则，为今后进一步推广到全国来积累经验和打好基础。这么做，源自中国经济的现实需求。中国雨后春笋的各类经济特区已经难以取得深圳、浦东级别的效果。海南与深圳GDP对比. 同为特区，30年来两地发展差距较大. .王丹认为，中国现在有几十个自贸区，互相争夺资金和人才，新的自贸	#T#CN FTZ-Hainan#T#,区很难脱颖而出。胡荣也表示，以前中国经济水平比较落后，引入一定程度经济制度创新和改革就能带来巨大的改革红利。但是目前中国经济体量已经不可同日而语，以前的方法已不能适应目前中国经济的深层次发展需求。冲破目前的改革僵局，需要更强效的改革措施，更大的开放力度。因此海南获得的开放红利是1978年以来之最。而相对封闭的地理环境和相对较小的经济体量，使海南成为天然的一块试验田，用以测试中国开放政策究竟能走多远。从这个意义上讲，海南成为测试下一步中国经济改革措施的「沙盒」，需要测试的最主要问题其实只有一个——到底开放到什	#T#CN FTZ-Hainan#T#,么程度可以不突破底线，又实现发展？Golfer Melissa Reid of Britain tees off on the final day of the World Celebrity Pro-Am golf tournament at the Mission Hills golf resort in Haikou on the southern Chinese island of Hainan on October 21, 2012图像来源，AFP图像加注文本，30多年里海南的改革试验数次滑入地产	#T#Sports#T#,泡沫的陷阱，这一次能否摆脱宿命？
⭐⭐⭐⭐	2340	195	0	#T#CN FTZ-Fujian#T#	#T#CN FTZ-Fujian#T#	福建自贸试验区“溢出效应”凸显 政策红利持续释放	#T#CN FTZ-Fujian#T#,“推动福建自贸试验区创新发展”系列报道之三：福建自贸试验区“溢出效应”凸显 政策红利持续释放2021-06-09 22:19:16 作者：卢金福 来源：东南网 责任编辑：李雅兰 IMG_0288.JPG泉州综合保税区 东南网记者 卢金福 摄东南网6月9日讯（本网记者 卢金福）在泉州晋江的金鹰（福建）印刷有限公司生产车间内，机器轰鸣声响个不停，工人们正在忙碌。这家位于泉州综合保税区的企业，在自贸试验区政策红利扶持下，发展“风生水起”，员工从过去的190多人，增加到了900多人。泉州综合保税区前身为泉州出口加工	#T#CN FTZ-Fujian#T#,区（2005年6月获国务院批准设立），自2016年升级为综合保税区后，泉州综合保税区主动加强与福建自贸试验区在战略规划、政策措施、管理理念上的对接，率先积极复制推广自贸试验区创新政策和措施，成为自贸试验区经验复制推广先行区。这六年来，福建自贸试验区在推进简政放权、对标国际规则、提升开放水平、改善营商环境等方面树起“标杆”，同时制度创新的“可复制可推广”功能，给全省各地带来了众多的“溢出效应”，成为推动福建经济发展的强力引擎。泉州分拨中心工作人员在分拣快件东南网记者 卢金福 摄综合保税区：自贸创新成果复制推广	#T#CN Industrial Development#T#,先行区祖籍泉州晋江的杨国强，从小在香港长大，10多年前回到家乡投资印刷企业，几年前搬进了泉州综合保税区内，享受到自贸试验区的政策红利。2019年7月，杨国强所创办的金鹰(福建)印刷有限公司开出全省首张“海关特殊监管区域增值税一般纳税人试点”增值税发票，这两年企业订单量大幅上涨，产能释放效应显着，实现跨越式发展的势头迅猛，公司业务量增长了将近10倍。“我们过去是一家外向型企业，疫情对公司业务影响较大，我们也积极向国内市场转移。”杨国强介绍，该公司执行的是综合保税区的增值税及关税政策，销售到国外的产品是免除关税	#T#Household#T#,和增值税的，但销售到境内区外的客户，关税则成为额外的税负，客户采购成本增加，削弱公司在国内市场的竞争力。“一般纳税人试点政策，给我们企业带来了很大的便利，国内采购物料无须报关，入区仅需卡口登记。”海关工作人员告诉记者，放开“一般纳税人”入区后，帮助企业可以更加灵活统筹国内国外“两种资源、两个市场”，更好利用国际国内的两种资源、两个市场，实现经营模式由外向型向全向型的深度转变，不仅降低了原有成本、打开了新的销售渠道，应对国际市场变动能力也大大增强。在泉州综合保税区，跨境电界也得到了蓬勃发展。在泉州分拨中心记者	#T#CN Industrial Development#T#,看到，工作人员正在分拣包裹。去年底，阿里巴巴东南亚旗舰电商平台Lazada集团福建分拨中心在泉州正式开仓运营。该分拨中心为福建外贸企业通过Lazada平台拓展新加坡、菲律宾、马来西亚、泰国、越南、印尼等东南亚市场。“中心目前每天的发货量约2万件，满负荷的情况下，日处理量可以达到16万件。”泉州御金跨境贸易产业园有限公司总经理游发标告诉记者，中心将进一步推动泉州、晋江在纺织鞋服、建材家居、食品饮料等方面的产业集群优势与阿里巴巴深化合作，借助Lazada平台拓宽东南亚跨境电商市场，提升泉州产业链跨境电商更好的发	#T#CN FTZ-Fujian#T#,展，2020年11月9日开仓至今已揽收国际快件超200万件、超1.3亿元。吉伦特酒业生产线 东南网记者 卢金福 摄做进口酒贸易的吉伦特酒业负责人陈春林在保税区成立后，开始在泉州综合保税区内从事原酒封装的生产，今年在保税区的支持下，还将增加三条生产线，包括葡萄酒生产线、洋酒生产线、原瓶小标签生产线，计划在8月份正式投产，产能将大幅上升。长期以来，泉州综合保税区及驻区海关以企业需求为导向，对区内酒类企业进行政策指导及规范，让企业充分应用综保区“批次进出、集中申报”“选择性征税”“保税展示交易”等自贸试验区政策优	#T#CN Industrial Development#T#,势及符合海关监管要求的内部自控规范，并根据企业个性需求制订包括卡口24小时通关、节假日预约加班备案等机制措施，进一步释放改革红利，助力综保区酒业持续高速发展。据统计，泉州综保区葡萄酒进口总量占泉州市的八成以上，已成为泉州市最大的葡萄酒进口和分拨重要集散中心。“立足综保区区位优势和产业发展特点，大力推进支柱性产业和战略性产业入区发展。” 泉州出口加工区管理局副局长林琪告诉记者，截至目前，共引进企业134家，其中围网外企业85家，围网内企业49家，涵盖航空修造、高端印刷、光电电子、检测研发、酒类食品、保税物流、	#T#CN FTZ-Fujian#T#,跨境电商等产业。近年来，为有效复制推广自贸试验区改革创新成果，园区先后已有“先进区、后报关”“分送集报”“一般纳税人”等25项自贸试验区海关创新制度以及“互联网+保税展销”模式、进口酒类定制贴标监管等17项福建自贸试验区改革创新成果在泉州综合保税区推广实施。据了解，福建省综合保税区与自贸试验区域叠加、功能互补，形成统筹发展态势。福建自贸试验区涵盖福州、厦门、平潭三个片区，我省现有5个综合保税区和2个保税区，除了泉州综合保税区外，其他均在自贸试验区范围内。省商务厅表示，由于综合保税区自身具有对外开放的特殊功能	#T#CN FTZ-Tianjin#T#,，可以为自贸试验区投资贸易便利化改革和压力测试提供良好的基础条件，自贸试验区许多创新举措在综合保税区率先取得突破，综合保税区已成为自贸试验区改革试验和创新举措的先行区。泉州晋江的金鹰（福建）印刷有限公司制作的产品 东南网记者 卢金福 摄加速复制推广创新成果释放改革红利2015年以来，省政府先后下发了一系列关于推广自由贸易试验区可复制改革试点经验工作的文档，对复制推广上海、福建、广东、天津等自贸试验区改革创新经验工作提出了要求。泉州市于2015年6月13日在全省率先出台了《泉州市人民政府关于推广自贸试验区可复	#T#CN FTZ-Fujian#T#,制改革创新试点经验的实施意见》（泉政文〔2015〕69号），结合泉州实际，从全市范围、国家级开发区和海关特殊监管区（场所）3个层级，提出了103项创新举措。泉州市商务局相关负责人告诉记者，近年来，泉州在落实先行先试创新举措的基础上，主动接受自贸试验区政策辐射，持续推动落实省自贸试验区改革创新试点经验，推动经济转型升级发展。截至目前，省政府共部署复制推广8批自贸试验区创新成果，共179项创新举措。除仅限定在自贸试验区内实行的创新举措或尚未有相关业态进行承接复制和省上权限暂未下放等情况，泉州已复制落地自贸试验区	#T#CN FTZ-Fujian#T#,改革创新成果159项，并逐项逐条进行了任务分解，要求各级各部门明确具体措施、时间节点、责任人，确保落实到位。越来越多的福建“自贸经验”走向了全省乃至全国。去年底，为做好新一批自贸改革创新全省复制推广工作，省自贸办结合第三方评估和改革成效摸底，梳理出50余项创新成果，广泛征求三个自贸片区和30余个省有关单位意见，根据实施效果好、企业受益广、推广成本低、风险可控制的原则，进行反复筛选，最终确定23项第八批创新成果推向全省，包含贸易便利化、投资便利化、金融开放创新、事中事后监管、政府服务等多个方面。至此，福建累计	#T#CN FTZ-Fujian#T#,有179项自贸改革试点经验在全省复制推广，34项创新成果在全国复制推广，6项试点经验列入全国自贸试验区“最佳实践案例”，有效发挥了自贸试验区改革创新试验田作用，优化提升了营商环境，让企业有获得感。省自贸办将进一步完善条块结合的复制推广工作机制，积极推动各级各有关部门把自贸创新成果充分运用好。加强与设区市政府、平潭综合实验区管委会沟通，推动各市(区)压紧压实责任，把任务分解落实到位。推动省各牵头责任单位加强业务指导，实时跟踪复制推广事项的推进情况，及时协调解决遇到的困难和问题。定期梳理复制推广工作成效，对效果	#T#CN FTZ-Fujian#T#,明显的创新举措，进一步向部际联席会议推荐，争取在全国复制推广，贡献更多“福建经验”。							
	1210	93	0	#T#CN FTZ-Fujian#T#	#T#CN FTZ-Fujian#T#	福建自贸试验区厚植制度创新“沃土” 赋能高质量发展	#T#CN FTZ-Fujian#T#,“推动福建自贸试验区创新发展”系列报道之一：福建自贸试验区厚植制度创新“沃土” 赋能高质量发展2021-06-07 22:48:00 来源：东南网 责任编辑：黄丽红 作者：卢金福东南网6月7日讯（本网记者 卢金福）初夏的福建，生机盎然，今年是福建自贸试验区挂牌六周年。时间拨回到2015年4月21日，当天中国（福建）自由贸易试验区正式揭牌，涵盖福州、厦门和平潭3个片区。 一场聚焦制度创新的“试验”就此启航，经过六年的发展，福建自贸试验区已经成为福建改革发展的新高地，为新时代全面深化改革、推动高水平对外开放积累	#T#CN FTZ-Fujian#T#,了许多宝贵的经验。连日来，东南网记者深入福建自贸试验区厦门片区、平潭片区、福州片区进行采访，探秘自贸试验区制度创新的福建经验和路径。福建中景石化有限公司的厂区布满管道的“庞然大物”高高矗立。东南网记者 卢金福 摄福建中景石化有限公司化验分析中心里工作人员在做原料化验。东南网记者 卢金福 摄勇于探索 打造一批“福建经验”福州江阴港，海风劲吹。在全省最大的聚丙烯生产企业——福建中景石化有限公司的厂区里，布满管道的“庞然大物”高高矗立，车辆进进出出，一派繁忙景象，在化验分析中心内几名工作人员正在做原料的色谱分析实	#T#Customs Document#T#,验。“我们的原料属于危险化学品，原来需要送往外地检测，通过合格认定后才能入关，周期要15天的时间，现在通过自己的实验室检测，全程最快只要8个小时，实现了从产品（丙烯）卸港、抽样到检测的无缝衔接，通关时效得到了极大提升，为公司节省了几个亿的周转资金。” 中景石化有限公司生产技术部经理黄凯说道，过去原料送检时间长，原料的供应跟不上，企业就不得不停产，为安全、稳定生产带来影响。得知企业面临的难题后，榕城海关第一时间对接中景石化，共同探讨提速增效的可行性办法，送检时间长，就地自检是否可行？对此，榕城海关创新出台进口	#T#CN FTZ-Fujian#T#,丙烯关企共检监管模式。企业通过提前申报，并借助自建的、已获得CNAS认可的检测实验室实现自检，海关在4个重要节点进行介入监督，保证规范性，实现进口原材料卸货、取样、检测无缝对接，检测结果合格后，当天即可投入生产，通关效率显着提高。该创新举措于2020年通过省自贸办认定，并获评“全国首创”。黄凯告诉记者，在自贸试验区红利的加持下，这几年，中景石化得到了迅猛发展，去年公司产能实现了翻倍。今年一季度，中景石化聚丙烯出口迎来爆发式增长，超过10万吨，占了全国聚丙烯出口总额的30％。厦门航空维修业兴起于1993年，是	#T#CN FTZ-Fujian#T#,中国较早发展航空维修产业的地区之一。厦门借助自贸试验区优势，积极向相关部委反映航材税率倒挂问题。不久前，财政部、海关总署联合印发《关于2021－2030年支持民用航空维修用航空器材进口税收政策的通知》，2021年至2030年间，对民用飞机整机设计制造企业、国内航空公司、维修单位、航空器材分销商进口国内不能生产或性能不能满足要求的维修用航空器材，免征进口关税。厦门自贸片区管委会相关负责人说道，新政的实施意味着厦门建议再获采纳，预计每年可为厦门相关企业减负超亿元，将从根本上解决国内航空公司及维修单位进口维修航材	#T#Household#T#,关税成本高的问题。厦门航空集团旗下共有209架飞机，运营国内外航线近400条，每年飞机维修都要花费20多亿元。“新政给企业发展带来了重大利好，预计每年可为企业减免关税三千万元左右。”厦门航空有限公司副总经理汤建其告诉记者，此次税收优惠政策覆盖范围扩展到厦门航空国内外所有航线的维修用航材，大大降低了经营成本，有效助推厦门航空做强做优做大。如今厦门航空维修基地吸引太古飞机、新科宇航等16家专业航空服务企业集聚发展，年产值占全国的1／4。最近一段时间，平潭法院执行局法官助理潘瑜和同事们开始整理材料，着手对一批执行	#T#CN FTZ#T#,车辆进行处置。平潭法院于2019年4月，在全国率先推出了“委托公证＋政府询价＋异地处置”财产执行云处理模式，受到了各方的好评，并得到国家相关部委的充分认可。2020年6月，该模式被国务院列入了自由贸易试验区第六批改革试点经验复制推广，又一项自贸试验区的“平潭经验”走向了全国。“过去，法院要处理涉及异地车辆处置的案件，执行人员要到车辆所在地对车辆进行检查，再委托评估，经拍卖后，还需再跑一趟，直至车辆顺利交付，前后执行人员需要跑三趟。” 潘瑜告诉记者，按照传统的车辆拍卖处置模式，平潭法院一年只能处理100辆左右	#T#CN FTZ-Shanghai#T#,的车。如何提高执行效率？平潭法院打破异地财产执行难的瓶颈，将法院、政府和社会力量系统集成在一个平台上，通过政府定向询价，企业无须预缴评估等财产处置费用，在降低企业成本负担的同时，提升了财产处置效率和司法效率，执行工作做到无缝对接。根据新的云处置模式，在执行车辆拍卖领域，已进入执行进程但又实际扣押在异地的涉案车辆，将由申请人向车辆扣押所在地公证机关申请对车辆实况进行公证视频取证，并出具权威性公证文书，自贸试验区内企业无需将车辆运回实验区内法院进行处置。“现在一个小团队可以处理掉全国各地400多辆的车，办案的期	#T#CN FTZ-Fujian#T#,限大大缩短，效率得到了很大提升。” 潘瑜告诉记者，通过政府定向询价，企业无须预缴评估等财产处置费用，在减轻成本负担同时，财产处置效率也得到提高。法院干警未到异地现场情况下即可办理车辆解封、解押、过户等手续，实现财产高效流转。厦门自贸片区。东南网记者 卢金福 摄平潭自贸区法庭。东南网记者 卢金福 摄创新红利释放 助推高质量发展六年来，福建自贸试验区成了制度创新的沃土，各片区创新热情高昂，推出原创性差异化改革举措，打造了一批响当当、有特色、企业认可的改革“名片”：“一个平台、一个界面、一点接入、一次申报”，作为	#T#CN FTZ-Fujian#T#,福建自贸试验区的代表性制度创新，国际贸易单一窗口现已建成4．0版，联通40多个单位，提供100多项口岸政务管理和贸易服务，实现关港贸税金一体化全链条运作；首创“三证合一、一照一码”，集合营业执照注册号、组织机构代码和税务登记号，简化登记注册手续，缩短企业创办周期，推进商事登记制度从企业设立直至注销退出的全链条改革，进一步鼓励投资兴业，激发大众创业、万众创新热情；投资体制改革“四个一”，将投资建设项目从招商对接到竣工验收涉及的所有行政审批事项由116项精简至26项，办理流程集成为规划选址与用地、项目审批与核准	#T#Customs Document#T#,备案、设计审查与施工许可、统一竣工验收等4个阶段，破解项目投资审批“审批慢、落地难”困局；关检“一站式”查验平台＋监管互认，海关与检验检疫部门强化协作，实现作业空间合并、作业时间一致、作业系统并行，场所设施、查验设备等资源共享，有效提升了通关速度，降低了企业成本，有力推进了口岸大通关建设，为全国关、检机构改革探索了经验；工程项目审批“五个一”， 通过“一张蓝图”“一个系统”“一个窗口”“一张表单”“一套机制”，解决企业在办理工程建设审批过程中反映的办理时间长、经过手续繁、提交材料多等问题，成为全国改革范本…	#T#CN FTZ-Fujian#T#,…福建自贸试验区对标国际最高标准，加强改革系统集成，不断完善法治化、国际化、便利化营商环境，一项项突破性的创新举措在福建自贸试验区内开花结果，发挥了深化改革“试验田”作用，将“良种”播向了全国。截至2021年3月，总体方案和深化方案试验任务绝大部分已实施，累计推出480项创新举措，其中全国首创196项，34项创新成果在全国复制推广，6项试点经验列入全国自贸试验区“最佳实践案例”，179项创新成果由省政府发文在全省推广实施，12项“双自联动”创新成果在全省推广实施。福州、厦门、平潭三个自贸片区差异化探索成效显	#T#CN FTZ-Fujian#T#,着。其中，福州片区在金融服务实体经济和物联网产业培育方面不断深化；厦门片区以制度集成创新推动营商环境提升，营商环境14个评价指标获评“全国标杆”；平潭片区在海峡两岸融合发展方面勇于探索，积极打造台胞台企登陆第一家园先行区。随着制度创新红利持续释放，福建自贸试验区高质量发展步伐愈加稳健。累计添加企业10．79万户，注册资本2．35万亿元人民币，分别是挂牌前的7．0倍、10．6倍。以不到全省千分之一的面积，引进全省近四成添加外资，贡献六分之一外贸进出口额。风起云涌浪头劲，百舸争流立潮头。经过六年建设的福建自贸试	#T#CN FTZ-Fujian#T#,验区，又一次站在新的起点上，扬帆起航，迈向新的征程。下一步，福建自贸试验区将完整、准确、全面贯彻新发展理念，积极主动把自贸试验区建设工作融入到新发展格局中、融入到经济社会发展大局中，持续在创新发展、政策提升、开放合作、营商环境、复制推广、动能培育、打造双循环重要节点上发力，形成市场相通、产业相融、创新相促、规则相连的良性循环，把自贸试验区建设成为更高水平开放型经济新体制“排头兵”，推动自贸试验区建设取得更大成效。						
⭐⭐⭐⭐⭐⭐	2200	200	0	#T#CN FTZ-Fujian#T#	#T#CN FTZ-Shanghai#T#	福建自贸试验区深化改革推出“组合拳” 打造优良营商环境	#T#CN FTZ-Fujian#T#,“推动福建自贸试验区创新发展”系列报道之二：福建自贸试验区深化改革推出“组合拳” 打造优良营商环境2021-06-08 22:55:06 来源：东南网 责任编辑：陈玮 作者：林先昌东南网6月8日讯（本网记者 林先昌）福建自贸试验区挂牌6年以来，在省委、省政府领导下，深入贯彻中央关于自贸试验区战略部署，紧紧围绕“为国家开放试制度、为政府治理立标杆、为区域发展筑高地”的战略使命，提升政府治理能力、形成开放的新格局，持续优化营商环境，全面深化改革创新，加快培育新兴产业，大力构筑开放平台，推进经济高质量发展。截至2	#T#CN FTZ-Fujian#T#,021年3月，福建自贸试验区累计添加企业10.79万户，注册资本2.35万亿元人民币，分别是挂牌前的7.0倍、10.6倍。这些数据的背后离不开营商环境的优化与开放，日前，东南网记者深入福建自贸试验区厦门片区、平潭片区、福州片区进行采访，就各地针对持续营商环境的做法进行探访。QQ图片20210608191040.jpg厦门自贸片区招商引资情况。东南网记者林先昌摄提质增效压缩通关时间 创新举措频频出台近日，国家发改委公布2020年全国营商环境评估结果，厦门“跨境贸易”指标排名全国第四，连续两年跻身标杆城市。厦门	#T#CN FTZ-Fujian#T#,自贸片区主动对标世界银行营商环境评价指标体系，率先探索一条独具厦门特色的优化营商环境路径，助力厦门营商环境排名从自贸试验区挂牌前相当于全球经济体第61位，上升至2020年第15位。记者了解到，厦门海关坚持将压缩通关时间作为进一步改善自贸试验区营商环境、提升对外开放形象的重要抓手，在原有基础上主动自我加压、向内挖潜，深入开展口岸提效降费相关工作部署，致力于流程再造与环节梳理，推出了多项相关举措，进一步压缩通关时间。“现在，哪怕是高峰期，只要我们做好计划，货物在工厂完成装车手续后就能发送相关资料给海关进行提前申	#T#CN FTZ-Fujian#T#,报，和以前货物运输到口岸再申报相比，至少可以节约半天时间。”日前，厦门市天马微电子公司负责人表示，“提前申报”改革是海关总署落实国务院“进一步推进通关便利化，持续优化口岸营商环境”部署的重点工作。在提前申报的前提下，海关可以将单证审查等工作由事中推向事前，再搭配叠加进口“船边直提”、出口“抵港直装”等现场货物顺势监管模式，可以实现货物“货到即验放”。2020年，厦门海关进出口整体通关时间分别为34.08小时和2.12小时，比2017年分别压缩74.18%和93.17%，为此，厦门连续两年被第三方机构评为“中	#T#CN FTZ-Fujian#T#,国十大海运集装箱营商环境评测第一名”。在推进跨境贸易上，厦门还率先全国推出口岸提效、降费、促便利等“组合拳”。每年为企业减少政府性收费5亿元、非政府性收费20亿元，集装箱进出口合规性成本达到全国沿海主要港口最低水平，助力厦门港集装箱吞吐量突破1000万标箱。同时，率先全国打造知识产权友好型自贸试验区，推行“信用三公示”，构建以信用为核心的事中事后监管新体系。QQ图片20210608213941.jpg平潭新兴产业园区聚焦了不少高科技企业。东南网记者卢金福摄“现在网上系统可以智能审批，省去了原来等待人工审核的	#T#CN FTZ-Fujian#T#,时间，直接一步到位，马上就能领取营业执照，非常方便。”日前，得益于商事主体准入确认制“秒批”平台上线试行，在平潭自贸片区内，市民只要在行政服务中心官网上自主申办企业，填写相应信息后，通过闽政通APP完成面签，全程不过十来分钟，便领取到了首张由“秒批”平台签发的营业执照。平潭自贸片区坚持先行先试，聚焦市场主体反映的突出问题和痛点问题，全面推广“一窗通办、全岛联办、全程网办”，率先试点福建国际贸易单一窗口4.0版，通关准备时间由原来的24小时压缩至最短只需5分钟，平潭口岸进口整体通关时长8.9小时，居于全国前列	#T#CN FTZ-Fujian#T#,、福州关区第一；上线试运行商事主体准入确认制“秒批”平台，实现内资企业设立登记全流程智能审批……一系列涉及行政审批、便民服务、公共资源交易等方面的创新举措频频出台，平潭自贸片区营商环境持续优化。记者了解到，福建自贸试验区挂牌成立6周年以来，贸易便利化水平全国领先。国际贸易单一窗口建成4.0版，推进通关全流程改革，首创关检“一站式”查验、货物按状态分类监管、国际船舶联合登临检查等，大幅提高通关效率。QQ图片20210608213936.jpg 福州自贸片区全国首创的企业综合信息应用服务平台。东南网记者卢金福摄	#T#CN FTZ-Fujian#T#,创业环境大幅改善 市场主体活力增强在今年4月底举行的第四届数字中国建设峰会展馆内，福州自贸片区全国首创的企业综合信息应用服务平台的亮相显得格外吸引人。该平台围绕信息多源汇集、风险分析预测、执法互助联动、结果及时反馈等流程，形成信息总览、市场总体、市场主体每一天、大众投资、港口监测统计等五大模块，全方位地向参观者展示了“一池汇数据，一屏知全局”的平台特色。“平台汇集了8个省市部门的相关信息，包括登记、资质、监管、处罚等类别的数据共213万条，覆盖37000余家企业。数据经过‘大数据+’的筛选和加工后，指导监管	#T#CN FTZ-Fujian#T#,和预警行为，保障片区市场环境健康。”福州自贸片区综合执法局局长刘卫东介绍，“下一步将探索企业信用评价体系，为信用好的企业，带来银行信贷等方面的经营助力。”开全国之先河建设应用服务平台，是福州自贸片区优化营商环境、增强服务能力的缩影。挂牌以来，福州自贸片区对标世行标准，查找短板弱项，减环节、降成本、提效率。全国首创“反向风险参贷款”“渔企快捷通”等举措、全国率先制定“双随机、一公开”监管规范地方标准、获国务院批复为全国首批创建“网络市场监管与服务示范区”、全国首创网络餐饮“e治理”……数据显示，截至2020年	#T#CN FTZ-Fujian#T#,底，福州自贸片区添加企业40688户，比挂牌前增长5.75倍；其中，添加外商投资1156个、注册资本85.98亿美元，分别占全市的50.2%、37.92%。六年来，福建自贸试验区围绕打造法治化、国际化、便利化的营商环境，大胆试、大胆闯，形成一批独具特色的先行先试制度创新成果，发挥了深化改革扩大开放的试验田作用。记者了解到，福建自贸试验区多措并举持续优化营商环境，不断深化“放管服”改革，着力减环节、减时间、减成本，有效激发市场活力和社会创造力。推动简政放权激发创业热情，探索实施“证照联办”、“一企一证”、“证	#T#CN FTZ-Shanghai#T#,照分离”改革全覆盖试点，“准入”和“准营”同步提速。事中事后监管更加精准。率先建成企业信用信息公示系统，推行“双随机、一公开”监管，实现信用信息公示和跨部门联合监管。实施企业信用风险分类监管，对信用良好企业不举不查。服务企业更加高效便捷。片区集中行使省、市、县（区）三级管理权限，实施“一口受理、一表申请、并联审查、统发证照”；推行“网上办”、“马上办”，公司设立登记“即办制”，材料齐全最快半小时办结。									
⭐⭐⭐⭐⭐	3110	194	0	#T#CN FTZ-Fujian#T#	#T#CN FTZ-Fujian#T#	福建自贸试验区深化闽台合作 探索两岸融合发展新路	#T#CN FTZ-Fujian#T#,“推动福建自贸试验区创新发展”系列报道之四：福建自贸试验区深化闽台合作 探索两岸融合发展新路2021-06-10 21:50:43 来源：东南网 责任编辑：周冬 作者：卢金福平潭台创园聚集了不少台资企业 东南网记者 卢金福 摄东南网6月10日讯（本网记者 卢金福）在位于平潭的宗仁科技工厂车间，工人正在测试电路设备，这家由台胞陈孟邦创办的企业和福建自贸试验区有着千丝万缕的关系。2015年4月7日宗仁科技正式成立，填补了平潭集成电路产业的空白，4月21日福建自贸试验区正式挂牌成立，陈孟邦见证了自贸试验区这6年来	#T#CN FTZ-Fujian#T#,的发展变化，如今宗仁科技发展进入了“快车道”，成了福建省后备上市企业。“对台”是福建自贸试验区建设的特色与优势所在。自挂牌运行以来，福建自贸试验区，形成了一批独具福建特色、对台先行先试的制度创新成果，还承担着加强两岸经济合作的重要使命，推出了一系列深化闽台投资、贸易、人文交流等便利化举措，率先探索海峡两岸融合发展新路，成为两岸交流合作的试验田。推进闽台产业融合陈孟邦1994年毕业于美国布朗大学，获电机工程博士。2001年，因为就职的台湾公司与清华大学有合作项目，他首次来到大陆。2011年，陈孟邦在平潭协助创	#T#CN FTZ-Fujian#T#,立了协力微集成电路（平潭）有限公司。随着福建自贸试验区的挂牌成立，对台先行先试的政策措施越来越多，吸引了不少台胞在区内落地创业。2015年，陈孟邦带着团队来到平潭，成立了宗仁科技（平潭）有限公司，并于2016年3月入驻平潭台创园，公司发展“如鱼得水”。陈孟邦用“不敢想象”来形容企业这6年时间发展变化，“公司从最初的三个人，发展到了现在50多人的团队。”陈孟邦对公司运营数据如家珍，2016年公司的营业额达到了980万，2017年达到了2000万，2018年2850万，2019年4500万，2020年达到了50	#T#CN Rural Development#T#,00万，今年预计将达到1亿元。截至目前，公司已获得8个发明专利、42个实用型专利以及76个著作权等，已完成了股改，是福建省上市后备企业。台湾集成电路产业处于世界领先水平，平潭借助临海近台的地缘优势，重点培育集成电路产业。 2019年1月，平潭制定并发布了《平潭综合实验区培育集成电路产业发展的若干措施（试行）》，从芯片设计研发到投产整条产业链上，给予符合条件的企业在人才、技术等方面政策补助。去年，平潭针对集成电路产业政策做了修改调整，更精准帮扶集成电路企业。经过几年的发展，平潭形成了集成电路产业链。“平潭对培	#T#CN FTZ-Fujian#T#,育集成电路产业的力度逐年加大，期待平潭建成集成电路设计服务中心，并进一步完善平潭集成电路产业链，汇聚两岸半导体人才，加速两岸集成电路产业的发展与融合。” 陈孟邦说道。宗仁科技只是福建自贸试验区闽台产业融合的一个缩影。挂牌以来，福建自贸试验区深化优势产业合作，先后引进台资独资或合资的油脂制造企业、演出经纪机构、海员外派机构、影视后期制作、口腔医院等近30项首创性项目。创建了两岸集成电路合作试验区、两岸先端材料研发合作中心、平潭台湾农渔产品交易中心等一批示范性项目。累计添加台资企业2739家，占全省同期的37．	#T#CN FTZ-Fujian#T#,1％。海峡股权交易中心和厦门两岸股权交易中心建设“台资板”，累计挂牌展示台企2462家，实现融资21．5亿元。对台贸易加速推进在福州自贸片区内的对台海运快件集运仓内，一派热火朝天的景象，工作人员正在对快件进行入库、分拣、录入系统等，平均每天有1万多件的商品从这里发往台湾。2015年在福州自贸片区成立的福建融达通供应链管理有限公司，从事跨境电商供应链服务，建设运营了福州国际快件监管中心，拥有近3000平方米的监管中心及配套7000平方米的海运快件集运仓。2018年融达通公司成为阿里巴巴“菜鸟出海计划”台湾方向	#T#CN Industrial Development#T#,唯一的官方海运快件合作企业。去年10月，由福建融达通供应链管理有限公司携手福州市马尾轮船有限公司共同打造的福州马尾－台湾跨境电商货物海运直航专线正式首航。目前，每周二、四、六可提供三专线班次，为两岸跨境电商企业提供福州马尾与台北、基隆、高雄等台湾地区主要港口双向直航的海运干线物流服务，缩减海运时间，降低两岸跨境电商企业海上运输成本，进一步推动两岸经贸交流合作。“台湾消费者在天猫、淘宝等电商平台下单后，平台卖家将包裹通过大陆物流发运至集运仓，经收货、分拣、集包、换单后，经监管中心申报清关后，运到马尾码头，再用	#T#CN Industrial Development#T#,海运干线运到台湾的港口，清关后到达收货场站，由台湾的物流公司配送到台湾消费者手上。” 对台海运快件集运仓现场经理楼龙龙告诉记者，过去台湾同胞从大陆电商平台下单到集运仓库，再送到台胞手中，要经历7天到10天的时间，现在，从客户下单，从集运仓发货，最快只需要2天时间就可到达台湾消费者手中，同时，相比航空运输运输成本可降低四成左右。“出口货值2019年较2018年增长了400％，2020年较2019年增长了108％。去年整个双十一期间，就有40万件的发货量。”楼龙龙向记者提供了一组数据，见证了跨境电商这两年的飞速	#T#CN Industrial Development#T#,发展。据他透露，2020年海运快件集运仓已完成出口台湾快件共计110万件，重量达6293．8吨，出口货值6．13亿元人民币。2021年第一季度，出口台湾件数23．3万票，出口货值1．21亿元。平潭距离台湾最近地方仅68海里（126公里），海运航线至台北、台中、台南全覆盖，最快仅需2．5个小时到港。平潭跨境电商园利用平潭对台区位优势、政策优势，依托高速滚装轮，打造台海黄金物流信道，实现与台北桃园机场国际航空运力有效对接，构建海峡两岸“成本最低、通关最便捷、交货最准时、服务最完善、政策最优惠”的跨境货品通关及物	#T#CN FTZ-Fujian#T#,流配送体系。“平潭跨境电商园物流仓储实行全年无休，两班倒作业时间。对台海运快件业务量位居全国第一。”平潭综合实验区岚台物流有限公司招商部工作人员薛芳告诉记者，跨境直购和快件出口业务从福建发货到台湾消费者手上，从仓库到上门配送最快仅需两～三天时间，实现“空运速度，海运成本”最佳组合。在厦门翔安区大嶝对台小额商品交易市场门口，工作人员拉着货物进进出出。在市场内，各种台湾商品琳琅满目，吸引不少游客在挑选购买。1999年开业的大嶝市场是大陆首个对台小额交易市场。2019年5月29日，厦门自贸委、厦门海关、市市场监管	#T#CN Industrial Development#T#,局联合印发文档，制定“正面清单”，扩大商品经营范围。同时，推动台湾短保食品进口商自主审核制度的实施。据大嶝管委会办公室工作人员介绍，抓好跨境电商供应链服务项目建设，高雄、金门海外仓及高金厦航线已形成常态化运营，形成快速、稳定的厦台海上物流信道。每周固定一个航班，2020年进口87个货柜，货值1839．69万元。金门－刘五店新航线11月10日正式投入运营， 为大嶝市场及厦金两地跨境电商企业提供了一条成本低、时效快的常态化运营物流信道，满足了海运快件及跨境电商业务的时效要求，大大降低了大嶝进境商品物流成本。去年	#T#CN FTZ-Fujian#T#,以来，按照统筹推进疫情防控和经济社会发展的要求，努力克服疫情影响，扎实推进大嶝市场转型升级和高质量发展，贸易额逆势大幅增长，大嶝市场2020年进口免税台湾商品4．96亿元，同比增长45．42％；添加进口商品3498种，同比增长159．8％。福建自贸试验区持续创新通关合作模式，台北快轮“高雄—平潭”货运、“两马”新航线——福州马尾琅岐至马祖南竿福澳港等多条新航线开通，两岸检验检疫电子证书互换与核查系统启用，“源头管理，口岸验放”等便利化措施实行，福建已经成为台湾商品输大陆最便捷信道。推进台湾商品通关全流程创新	#T#CN FTZ-Fujian#T#,，覆盖了台湾工业品、食品、农产品、水果、海运快件等主要商品，打造了最便捷的通关模式，福建口岸已成为台湾输大陆商品集散分拨中心。台胞就业创业氛围浓厚来自台湾台中的“95后”台青黄伟伦早年就跟随父母来到厦门，随后毕业于集美大学，并在厦门创业多年。去年，黄伟伦经过考察选中了大嶝市场作为自己创业的基地，成立了厦嶝两岸青年创业园，旨在打造青创空间及众创空间，吸引更多台青来大嶝创业，并引进台湾更多新时尚产品如台湾文创商品、大健康产业等，不断丰富市场商品业态。“目前创业园已经有12家企业入驻，自贸试验区给台湾创业者带来很	#T#CN FTZ-Fujian#T#,多实打实的优惠与便利。大嶝市场在通关便利、物流优惠和补贴等，都很适合做商品贸易。”黄伟伦说，厦门自贸片区同等待遇的落实让台青能大展拳脚。他告诉记者，厦门自贸片区已经开放台胞用台湾居民居住证申办公司，享受跟大陆企业同等待遇政策，基地内有两家企业按大陆企业同等待遇分别申请注册了两家有限公司，这对很多做商贸、做物流的台湾青年来说，是一个很大的突破和机会，相信未来能够迅速发展、茁壮成长。台胞徐先生是平潭法院自贸法庭的一名司法辅助人员，工作已经将近两年时间，“工作主要是审判过程中参与法庭的记录，平时调解工作的衔接，以	#T#CN FTZ-Fujian#T#,台胞服务台胞台企台商。”2019年，平潭在全国率先启动引进台胞司法辅助人员相关工作，招收台胞担任司法辅助人员，并制定《台胞司法辅助人员及其他工作人员管理规定（试行）》。该做法入选福建自贸试验区第15批创新举措，被评估为“全国首创”。“自贸试验区出台了有很多惠台的政策，对台胞也比较友善。”在平潭工作将近两年时间，徐先生切身感受到了福建自贸试验区同等待遇的落实。全国首个全链条体现台湾元素的台胞社区正在建设，台胞台企服务中心为台胞提供“一站式”服务，台胞更换执业证和驾驶证都很便利……一批批自贸试验区对台的创新政策	#T#CN FTZ-Fujian#T#,在平潭开花，让台胞能的工作生活更加便利， 徐先生计划在平潭长期发展和居住。挂牌以来，福建自贸试验区支持台胞就业创业福州、厦门、平潭三个片区都设立了台胞台企“一站式”服务平台，台胞参加社保、购房、购票等享受同等待遇。率先开展台湾与大陆职业资格标准比对，直接采信台湾职业资格95项，累计发放采信证书600多本；有950多位台湾建筑师、导游、医师持台湾地区资格证书在闽备案执业。13个两岸青年“三创”基地累计入驻台企和团队1002家、参与实习就业创业的台青4．4万人次。				
⭐⭐	560	186	0	#T#Indo-Pacific Framework#T#	#T#Indo-Pacific Framework#T#	美學者：中國不可信，沒資格加入 TPP；台灣情況複雜	#T#Indo-Pacific Framework#T#,美学者：中国不可信，没资格加入 TPP；台湾情况复杂中国、台湾皆申请加入「跨太平洋伙伴关系（Trans-Pacific Partnership，以下称 TPP）」，对此，美国学者指出，中国不可信，没资格加入 TPP，而台湾情况复杂、可能将基于政治上的理由无法加入。日经新闻22日报导，关于中国和台湾皆申请加入TPP一事，美国企业研究院（American Enterprise Institute，AEI）学者Derek Scissors受访表示，「中国没资格加入TPP。中国距离市场开放水准仍远。中国即便（在谈判	#T#Indo-Pacific Framework#T#,中）让步，能否做到仍不可信。台湾的情况比较复杂。在经济上（台湾）是优秀的对象，但必须要评估中国的反应。」Scissors指出，「日本应该挑明的说『从经济观点来看、台湾比中国更好，因此支持台湾加入、拒绝中国』。虽然体认到台湾可能（基于政治上的原因）无法加入，但应该以『TPP为经济协定』为前提来应对。」关于日本是否应该力劝美国重返TPP，Scissors表示，「美国不太可能重返TPP。因为美国朝野皆反对自由贸易协定（FTA），这在美国国会是不会通过的。拜登政权连比TPP更简易的美英FTA谈判都没进展。」Scis	#T#TPP#T#,sors指出，「如果日本希望美国重返TPP的话，要说服的对象不是拜登总统、而是国会。若看到国会可能通过的话，拜登应该就会支持TPP。从战略上的观点来看，为了对抗中国，可以说美国应该加入TPP。但就政治面来看，现实上这可能是没有办法的。就经济面来看，对美国来说，TPP不是一项优异的协定，即便不加入美国也不会损失什么。」中国于9月16日正式提出书面申请加入TPP，台湾则于9月22日正式递出加入申请，而想要加入TPP须获得所有成员国同意才行。																	
	-980	-490	0	#T#Sports#T#	#T#Sports#T#	CBA／卡位推擠被撞倒　易建聯起身架枴胡瓏貿爆衝突	#T#Sports#T#,CBA／卡位推挤被撞倒 易建联起身架拐胡珑贸爆冲突 【热搜】房市热点整理报导▲▼胡珑贸。（图／CFP）▲胡珑贸。（图／CFP／数据照）记者潘泓钰／综合报导广东宏远第31轮赛事一路压着主场的福建浔兴打，而双方在第三节爆发冲突，胡珑贸卡位时撞倒易建联，一向脾气很好的易建联罕见发怒，起身后拐子架在前者身上，双方立即爆发口角冲突，两人各被吹一次违反运动精神犯规，最终广东以139比100轻松取胜。广东宏远开局拉出10比0攻势，很快的就取得双位数领先，次节更是创建69比42的大幅度优势。第三节最后4分半钟，胡珑贸卡位过	#T#Sports#T#,程中把易建联给撞倒，后者怒气冲冲起身就用拐子架在胡珑贸肩膀，两人便起了口角，裁判各给一支违反运动精神犯规才没有把冲突扩大。决胜节广东一直把领先控制在30分，终场福建以100比139惨败。[广告]请继续往下阅读...胡珑贸与易建联冲突影片链接胡珑贸自去年底就没有出赛纪录，相隔6场比赛复出，在与易建联的冲突之后马上就被换下场，总计出赛9分钟贡献2分、2篮板。中国两大长人的对决，易建联攻下14分、10篮板、2助攻、2抄截，王哲林则是20分、11篮板、2助攻。广东的外援德莱尼（Malcom Delany）豪取全场最		#T#Scrap#T#,us: @ETtodaynet on Twitter | ETtoday on Facebook																
